Category,Product_Link
Personal Hygiene,https://www.amazon.com/Savlon-After-Shave-Lotion-1000/dp/B015PL0HG0/ref=sr_1_1?dib=eyJ2IjoiMSJ9.kX3wtzWUAaSntGNNnfzQIPephKMmOT56bN_PfgSychCAWUi9kTWdxj2B6IhSZSL4e2o45-KIdzB5ccvyiCI95gbev5eFyu_jnhk5V-jSTkBLjoQMlfdZ0V69VlrgegkBdTMX9wAucQ47BrDLQ4N4bATixogJOCPuxQ8XbZ-VqQz_w_7Df2Sb5tp6xYYRxwfCfGsdjpkOz7bMMAjkmjWBTdP4hs1HQYgANtdEhdnZcar5kjTtnmlq5alOGYI72Qhi26CB24H1OWHZ15HxdO4DsBsJzcPtgSelsDvgsV6RTSo.7XNyEeyZhNAlucARQ2HlVP13yUqmJ_bobJA9XSmDkr0&dib_tag=se&keywords=Personal+Hygiene&qid=1724521970&sr=8-1
Personal Hygiene,https://www.amazon.com/Savlon-After-Shave-Lotion-1000/dp/B015PL0HG0/ref=sr_1_1?dib=eyJ2IjoiMSJ9.kX3wtzWUAaSntGNNnfzQIPephKMmOT56bN_PfgSychCAWUi9kTWdxj2B6IhSZSL4e2o45-KIdzB5ccvyiCI95gbev5eFyu_jnhk5V-jSTkBLjoQMlfdZ0V69VlrgegkBdTMX9wAucQ47BrDLQ4N4bATixogJOCPuxQ8XbZ-VqQz_w_7Df2Sb5tp6xYYRxwfCfGsdjpkOz7bMMAjkmjWBTdP4hs1HQYgANtdEhdnZcar5kjTtnmlq5alOGYI72Qhi26CB24H1OWHZ15HxdO4DsBsJzcPtgSelsDvgsV6RTSo.7XNyEeyZhNAlucARQ2HlVP13yUqmJ_bobJA9XSmDkr0&dib_tag=se&keywords=Personal+Hygiene&qid=1724521970&sr=8-1
Personal Hygiene,https://www.amazon.com/Savlon-After-Shave-Lotion-1000/dp/B015PL0HG0/ref=sr_1_1?dib=eyJ2IjoiMSJ9.kX3wtzWUAaSntGNNnfzQIPephKMmOT56bN_PfgSychCAWUi9kTWdxj2B6IhSZSL4e2o45-KIdzB5ccvyiCI95gbev5eFyu_jnhk5V-jSTkBLjoQMlfdZ0V69VlrgegkBdTMX9wAucQ47BrDLQ4N4bATixogJOCPuxQ8XbZ-VqQz_w_7Df2Sb5tp6xYYRxwfCfGsdjpkOz7bMMAjkmjWBTdP4hs1HQYgANtdEhdnZcar5kjTtnmlq5alOGYI72Qhi26CB24H1OWHZ15HxdO4DsBsJzcPtgSelsDvgsV6RTSo.7XNyEeyZhNAlucARQ2HlVP13yUqmJ_bobJA9XSmDkr0&dib_tag=se&keywords=Personal+Hygiene&qid=1724521970&sr=8-1#customerReviews
Personal Hygiene,https://www.amazon.com/Savlon-After-Shave-Lotion-1000/dp/B015PL0HG0/ref=sr_1_1?dib=eyJ2IjoiMSJ9.kX3wtzWUAaSntGNNnfzQIPephKMmOT56bN_PfgSychCAWUi9kTWdxj2B6IhSZSL4e2o45-KIdzB5ccvyiCI95gbev5eFyu_jnhk5V-jSTkBLjoQMlfdZ0V69VlrgegkBdTMX9wAucQ47BrDLQ4N4bATixogJOCPuxQ8XbZ-VqQz_w_7Df2Sb5tp6xYYRxwfCfGsdjpkOz7bMMAjkmjWBTdP4hs1HQYgANtdEhdnZcar5kjTtnmlq5alOGYI72Qhi26CB24H1OWHZ15HxdO4DsBsJzcPtgSelsDvgsV6RTSo.7XNyEeyZhNAlucARQ2HlVP13yUqmJ_bobJA9XSmDkr0&dib_tag=se&keywords=Personal+Hygiene&qid=1724521970&sr=8-1
Personal Hygiene,https://www.amazon.com/Portable-Retractable-Postpartum-Cleansing-Childbirth/dp/B09J2HQ8RC/ref=sr_1_2?dib=eyJ2IjoiMSJ9.kX3wtzWUAaSntGNNnfzQIPephKMmOT56bN_PfgSychCAWUi9kTWdxj2B6IhSZSL4e2o45-KIdzB5ccvyiCI95gbev5eFyu_jnhk5V-jSTkBLjoQMlfdZ0V69VlrgegkBdTMX9wAucQ47BrDLQ4N4bATixogJOCPuxQ8XbZ-VqQz_w_7Df2Sb5tp6xYYRxwfCfGsdjpkOz7bMMAjkmjWBTdP4hs1HQYgANtdEhdnZcar5kjTtnmlq5alOGYI72Qhi26CB24H1OWHZ15HxdO4DsBsJzcPtgSelsDvgsV6RTSo.7XNyEeyZhNAlucARQ2HlVP13yUqmJ_bobJA9XSmDkr0&dib_tag=se&keywords=Personal+Hygiene&qid=1724521970&sr=8-2
Personal Hygiene,https://www.amazon.com/Portable-Retractable-Postpartum-Cleansing-Childbirth/dp/B09J2HQ8RC/ref=sr_1_2?dib=eyJ2IjoiMSJ9.kX3wtzWUAaSntGNNnfzQIPephKMmOT56bN_PfgSychCAWUi9kTWdxj2B6IhSZSL4e2o45-KIdzB5ccvyiCI95gbev5eFyu_jnhk5V-jSTkBLjoQMlfdZ0V69VlrgegkBdTMX9wAucQ47BrDLQ4N4bATixogJOCPuxQ8XbZ-VqQz_w_7Df2Sb5tp6xYYRxwfCfGsdjpkOz7bMMAjkmjWBTdP4hs1HQYgANtdEhdnZcar5kjTtnmlq5alOGYI72Qhi26CB24H1OWHZ15HxdO4DsBsJzcPtgSelsDvgsV6RTSo.7XNyEeyZhNAlucARQ2HlVP13yUqmJ_bobJA9XSmDkr0&dib_tag=se&keywords=Personal+Hygiene&qid=1724521970&sr=8-2
Personal Hygiene,https://www.amazon.com/Portable-Retractable-Postpartum-Cleansing-Childbirth/dp/B09J2HQ8RC/ref=sr_1_2?dib=eyJ2IjoiMSJ9.kX3wtzWUAaSntGNNnfzQIPephKMmOT56bN_PfgSychCAWUi9kTWdxj2B6IhSZSL4e2o45-KIdzB5ccvyiCI95gbev5eFyu_jnhk5V-jSTkBLjoQMlfdZ0V69VlrgegkBdTMX9wAucQ47BrDLQ4N4bATixogJOCPuxQ8XbZ-VqQz_w_7Df2Sb5tp6xYYRxwfCfGsdjpkOz7bMMAjkmjWBTdP4hs1HQYgANtdEhdnZcar5kjTtnmlq5alOGYI72Qhi26CB24H1OWHZ15HxdO4DsBsJzcPtgSelsDvgsV6RTSo.7XNyEeyZhNAlucARQ2HlVP13yUqmJ_bobJA9XSmDkr0&dib_tag=se&keywords=Personal+Hygiene&qid=1724521970&sr=8-2#customerReviews
Personal Hygiene,https://www.amazon.com/Portable-Retractable-Postpartum-Cleansing-Childbirth/dp/B09J2HQ8RC/ref=sr_1_2?dib=eyJ2IjoiMSJ9.kX3wtzWUAaSntGNNnfzQIPephKMmOT56bN_PfgSychCAWUi9kTWdxj2B6IhSZSL4e2o45-KIdzB5ccvyiCI95gbev5eFyu_jnhk5V-jSTkBLjoQMlfdZ0V69VlrgegkBdTMX9wAucQ47BrDLQ4N4bATixogJOCPuxQ8XbZ-VqQz_w_7Df2Sb5tp6xYYRxwfCfGsdjpkOz7bMMAjkmjWBTdP4hs1HQYgANtdEhdnZcar5kjTtnmlq5alOGYI72Qhi26CB24H1OWHZ15HxdO4DsBsJzcPtgSelsDvgsV6RTSo.7XNyEeyZhNAlucARQ2HlVP13yUqmJ_bobJA9XSmDkr0&dib_tag=se&keywords=Personal+Hygiene&qid=1724521970&sr=8-2
Personal Hygiene,https://www.amazon.com/DOCAT-Handheld-Portable-Retractable-Green/dp/B0BGZNRMFY/ref=sr_1_3?dib=eyJ2IjoiMSJ9.kX3wtzWUAaSntGNNnfzQIPephKMmOT56bN_PfgSychCAWUi9kTWdxj2B6IhSZSL4e2o45-KIdzB5ccvyiCI95gbev5eFyu_jnhk5V-jSTkBLjoQMlfdZ0V69VlrgegkBdTMX9wAucQ47BrDLQ4N4bATixogJOCPuxQ8XbZ-VqQz_w_7Df2Sb5tp6xYYRxwfCfGsdjpkOz7bMMAjkmjWBTdP4hs1HQYgANtdEhdnZcar5kjTtnmlq5alOGYI72Qhi26CB24H1OWHZ15HxdO4DsBsJzcPtgSelsDvgsV6RTSo.7XNyEeyZhNAlucARQ2HlVP13yUqmJ_bobJA9XSmDkr0&dib_tag=se&keywords=Personal+Hygiene&qid=1724521970&sr=8-3
Personal Hygiene,https://www.amazon.com/DOCAT-Handheld-Portable-Retractable-Green/dp/B0BGZNRMFY/ref=sr_1_3?dib=eyJ2IjoiMSJ9.kX3wtzWUAaSntGNNnfzQIPephKMmOT56bN_PfgSychCAWUi9kTWdxj2B6IhSZSL4e2o45-KIdzB5ccvyiCI95gbev5eFyu_jnhk5V-jSTkBLjoQMlfdZ0V69VlrgegkBdTMX9wAucQ47BrDLQ4N4bATixogJOCPuxQ8XbZ-VqQz_w_7Df2Sb5tp6xYYRxwfCfGsdjpkOz7bMMAjkmjWBTdP4hs1HQYgANtdEhdnZcar5kjTtnmlq5alOGYI72Qhi26CB24H1OWHZ15HxdO4DsBsJzcPtgSelsDvgsV6RTSo.7XNyEeyZhNAlucARQ2HlVP13yUqmJ_bobJA9XSmDkr0&dib_tag=se&keywords=Personal+Hygiene&qid=1724521970&sr=8-3
Personal Hygiene,https://www.amazon.com/DOCAT-Handheld-Portable-Retractable-Green/dp/B0BGZNRMFY/ref=sr_1_3?dib=eyJ2IjoiMSJ9.kX3wtzWUAaSntGNNnfzQIPephKMmOT56bN_PfgSychCAWUi9kTWdxj2B6IhSZSL4e2o45-KIdzB5ccvyiCI95gbev5eFyu_jnhk5V-jSTkBLjoQMlfdZ0V69VlrgegkBdTMX9wAucQ47BrDLQ4N4bATixogJOCPuxQ8XbZ-VqQz_w_7Df2Sb5tp6xYYRxwfCfGsdjpkOz7bMMAjkmjWBTdP4hs1HQYgANtdEhdnZcar5kjTtnmlq5alOGYI72Qhi26CB24H1OWHZ15HxdO4DsBsJzcPtgSelsDvgsV6RTSo.7XNyEeyZhNAlucARQ2HlVP13yUqmJ_bobJA9XSmDkr0&dib_tag=se&keywords=Personal+Hygiene&qid=1724521970&sr=8-3#customerReviews
Personal Hygiene,https://www.amazon.com/DOCAT-Handheld-Portable-Retractable-Green/dp/B0BGZNRMFY/ref=sr_1_3?dib=eyJ2IjoiMSJ9.kX3wtzWUAaSntGNNnfzQIPephKMmOT56bN_PfgSychCAWUi9kTWdxj2B6IhSZSL4e2o45-KIdzB5ccvyiCI95gbev5eFyu_jnhk5V-jSTkBLjoQMlfdZ0V69VlrgegkBdTMX9wAucQ47BrDLQ4N4bATixogJOCPuxQ8XbZ-VqQz_w_7Df2Sb5tp6xYYRxwfCfGsdjpkOz7bMMAjkmjWBTdP4hs1HQYgANtdEhdnZcar5kjTtnmlq5alOGYI72Qhi26CB24H1OWHZ15HxdO4DsBsJzcPtgSelsDvgsV6RTSo.7XNyEeyZhNAlucARQ2HlVP13yUqmJ_bobJA9XSmDkr0&dib_tag=se&keywords=Personal+Hygiene&qid=1724521970&sr=8-3
Personal Hygiene,https://www.amazon.com/Dettol-Disinfectant-Disinfection-Personal-Lavender/dp/B09KBFTL7H/ref=sr_1_4?dib=eyJ2IjoiMSJ9.kX3wtzWUAaSntGNNnfzQIPephKMmOT56bN_PfgSychCAWUi9kTWdxj2B6IhSZSL4e2o45-KIdzB5ccvyiCI95gbev5eFyu_jnhk5V-jSTkBLjoQMlfdZ0V69VlrgegkBdTMX9wAucQ47BrDLQ4N4bATixogJOCPuxQ8XbZ-VqQz_w_7Df2Sb5tp6xYYRxwfCfGsdjpkOz7bMMAjkmjWBTdP4hs1HQYgANtdEhdnZcar5kjTtnmlq5alOGYI72Qhi26CB24H1OWHZ15HxdO4DsBsJzcPtgSelsDvgsV6RTSo.7XNyEeyZhNAlucARQ2HlVP13yUqmJ_bobJA9XSmDkr0&dib_tag=se&keywords=Personal+Hygiene&qid=1724521970&sr=8-4
Personal Hygiene,https://www.amazon.com/Dettol-Disinfectant-Disinfection-Personal-Lavender/dp/B09KBFTL7H/ref=sr_1_4?dib=eyJ2IjoiMSJ9.kX3wtzWUAaSntGNNnfzQIPephKMmOT56bN_PfgSychCAWUi9kTWdxj2B6IhSZSL4e2o45-KIdzB5ccvyiCI95gbev5eFyu_jnhk5V-jSTkBLjoQMlfdZ0V69VlrgegkBdTMX9wAucQ47BrDLQ4N4bATixogJOCPuxQ8XbZ-VqQz_w_7Df2Sb5tp6xYYRxwfCfGsdjpkOz7bMMAjkmjWBTdP4hs1HQYgANtdEhdnZcar5kjTtnmlq5alOGYI72Qhi26CB24H1OWHZ15HxdO4DsBsJzcPtgSelsDvgsV6RTSo.7XNyEeyZhNAlucARQ2HlVP13yUqmJ_bobJA9XSmDkr0&dib_tag=se&keywords=Personal+Hygiene&qid=1724521970&sr=8-4
Personal Hygiene,https://www.amazon.com/Dettol-Disinfectant-Disinfection-Personal-Lavender/dp/B09KBFTL7H/ref=sr_1_4?dib=eyJ2IjoiMSJ9.kX3wtzWUAaSntGNNnfzQIPephKMmOT56bN_PfgSychCAWUi9kTWdxj2B6IhSZSL4e2o45-KIdzB5ccvyiCI95gbev5eFyu_jnhk5V-jSTkBLjoQMlfdZ0V69VlrgegkBdTMX9wAucQ47BrDLQ4N4bATixogJOCPuxQ8XbZ-VqQz_w_7Df2Sb5tp6xYYRxwfCfGsdjpkOz7bMMAjkmjWBTdP4hs1HQYgANtdEhdnZcar5kjTtnmlq5alOGYI72Qhi26CB24H1OWHZ15HxdO4DsBsJzcPtgSelsDvgsV6RTSo.7XNyEeyZhNAlucARQ2HlVP13yUqmJ_bobJA9XSmDkr0&dib_tag=se&keywords=Personal+Hygiene&qid=1724521970&sr=8-4#customerReviews
Personal Hygiene,https://www.amazon.com/Dettol-Disinfectant-Disinfection-Personal-Lavender/dp/B09KBFTL7H/ref=sr_1_4?dib=eyJ2IjoiMSJ9.kX3wtzWUAaSntGNNnfzQIPephKMmOT56bN_PfgSychCAWUi9kTWdxj2B6IhSZSL4e2o45-KIdzB5ccvyiCI95gbev5eFyu_jnhk5V-jSTkBLjoQMlfdZ0V69VlrgegkBdTMX9wAucQ47BrDLQ4N4bATixogJOCPuxQ8XbZ-VqQz_w_7Df2Sb5tp6xYYRxwfCfGsdjpkOz7bMMAjkmjWBTdP4hs1HQYgANtdEhdnZcar5kjTtnmlq5alOGYI72Qhi26CB24H1OWHZ15HxdO4DsBsJzcPtgSelsDvgsV6RTSo.7XNyEeyZhNAlucARQ2HlVP13yUqmJ_bobJA9XSmDkr0&dib_tag=se&keywords=Personal+Hygiene&qid=1724521970&sr=8-4
Personal Hygiene,https://www.amazon.com/VWash-Intimate-Prevents-irritation-Suitable/dp/B08LJ37N3H/ref=sr_1_5?dib=eyJ2IjoiMSJ9.kX3wtzWUAaSntGNNnfzQIPephKMmOT56bN_PfgSychCAWUi9kTWdxj2B6IhSZSL4e2o45-KIdzB5ccvyiCI95gbev5eFyu_jnhk5V-jSTkBLjoQMlfdZ0V69VlrgegkBdTMX9wAucQ47BrDLQ4N4bATixogJOCPuxQ8XbZ-VqQz_w_7Df2Sb5tp6xYYRxwfCfGsdjpkOz7bMMAjkmjWBTdP4hs1HQYgANtdEhdnZcar5kjTtnmlq5alOGYI72Qhi26CB24H1OWHZ15HxdO4DsBsJzcPtgSelsDvgsV6RTSo.7XNyEeyZhNAlucARQ2HlVP13yUqmJ_bobJA9XSmDkr0&dib_tag=se&keywords=Personal+Hygiene&qid=1724521970&sr=8-5
Personal Hygiene,https://www.amazon.com/VWash-Intimate-Prevents-irritation-Suitable/dp/B08LJ37N3H/ref=sr_1_5?dib=eyJ2IjoiMSJ9.kX3wtzWUAaSntGNNnfzQIPephKMmOT56bN_PfgSychCAWUi9kTWdxj2B6IhSZSL4e2o45-KIdzB5ccvyiCI95gbev5eFyu_jnhk5V-jSTkBLjoQMlfdZ0V69VlrgegkBdTMX9wAucQ47BrDLQ4N4bATixogJOCPuxQ8XbZ-VqQz_w_7Df2Sb5tp6xYYRxwfCfGsdjpkOz7bMMAjkmjWBTdP4hs1HQYgANtdEhdnZcar5kjTtnmlq5alOGYI72Qhi26CB24H1OWHZ15HxdO4DsBsJzcPtgSelsDvgsV6RTSo.7XNyEeyZhNAlucARQ2HlVP13yUqmJ_bobJA9XSmDkr0&dib_tag=se&keywords=Personal+Hygiene&qid=1724521970&sr=8-5
Personal Hygiene,https://www.amazon.com/VWash-Intimate-Prevents-irritation-Suitable/dp/B08LJ37N3H/ref=sr_1_5?dib=eyJ2IjoiMSJ9.kX3wtzWUAaSntGNNnfzQIPephKMmOT56bN_PfgSychCAWUi9kTWdxj2B6IhSZSL4e2o45-KIdzB5ccvyiCI95gbev5eFyu_jnhk5V-jSTkBLjoQMlfdZ0V69VlrgegkBdTMX9wAucQ47BrDLQ4N4bATixogJOCPuxQ8XbZ-VqQz_w_7Df2Sb5tp6xYYRxwfCfGsdjpkOz7bMMAjkmjWBTdP4hs1HQYgANtdEhdnZcar5kjTtnmlq5alOGYI72Qhi26CB24H1OWHZ15HxdO4DsBsJzcPtgSelsDvgsV6RTSo.7XNyEeyZhNAlucARQ2HlVP13yUqmJ_bobJA9XSmDkr0&dib_tag=se&keywords=Personal+Hygiene&qid=1724521970&sr=8-5#customerReviews
Personal Hygiene,https://www.amazon.com/VWash-Intimate-Prevents-irritation-Suitable/dp/B08LJ37N3H/ref=sr_1_5?dib=eyJ2IjoiMSJ9.kX3wtzWUAaSntGNNnfzQIPephKMmOT56bN_PfgSychCAWUi9kTWdxj2B6IhSZSL4e2o45-KIdzB5ccvyiCI95gbev5eFyu_jnhk5V-jSTkBLjoQMlfdZ0V69VlrgegkBdTMX9wAucQ47BrDLQ4N4bATixogJOCPuxQ8XbZ-VqQz_w_7Df2Sb5tp6xYYRxwfCfGsdjpkOz7bMMAjkmjWBTdP4hs1HQYgANtdEhdnZcar5kjTtnmlq5alOGYI72Qhi26CB24H1OWHZ15HxdO4DsBsJzcPtgSelsDvgsV6RTSo.7XNyEeyZhNAlucARQ2HlVP13yUqmJ_bobJA9XSmDkr0&dib_tag=se&keywords=Personal+Hygiene&qid=1724521970&sr=8-5
Personal Hygiene,https://www.amazon.com/Dettol-Antiseptic-Liquid-1-L/dp/B07B11V59H/ref=sr_1_6?dib=eyJ2IjoiMSJ9.kX3wtzWUAaSntGNNnfzQIPephKMmOT56bN_PfgSychCAWUi9kTWdxj2B6IhSZSL4e2o45-KIdzB5ccvyiCI95gbev5eFyu_jnhk5V-jSTkBLjoQMlfdZ0V69VlrgegkBdTMX9wAucQ47BrDLQ4N4bATixogJOCPuxQ8XbZ-VqQz_w_7Df2Sb5tp6xYYRxwfCfGsdjpkOz7bMMAjkmjWBTdP4hs1HQYgANtdEhdnZcar5kjTtnmlq5alOGYI72Qhi26CB24H1OWHZ15HxdO4DsBsJzcPtgSelsDvgsV6RTSo.7XNyEeyZhNAlucARQ2HlVP13yUqmJ_bobJA9XSmDkr0&dib_tag=se&keywords=Personal+Hygiene&qid=1724521970&sr=8-6
Personal Hygiene,https://www.amazon.com/Dettol-Antiseptic-Liquid-1-L/dp/B07B11V59H/ref=sr_1_6?dib=eyJ2IjoiMSJ9.kX3wtzWUAaSntGNNnfzQIPephKMmOT56bN_PfgSychCAWUi9kTWdxj2B6IhSZSL4e2o45-KIdzB5ccvyiCI95gbev5eFyu_jnhk5V-jSTkBLjoQMlfdZ0V69VlrgegkBdTMX9wAucQ47BrDLQ4N4bATixogJOCPuxQ8XbZ-VqQz_w_7Df2Sb5tp6xYYRxwfCfGsdjpkOz7bMMAjkmjWBTdP4hs1HQYgANtdEhdnZcar5kjTtnmlq5alOGYI72Qhi26CB24H1OWHZ15HxdO4DsBsJzcPtgSelsDvgsV6RTSo.7XNyEeyZhNAlucARQ2HlVP13yUqmJ_bobJA9XSmDkr0&dib_tag=se&keywords=Personal+Hygiene&qid=1724521970&sr=8-6
Personal Hygiene,https://www.amazon.com/Dettol-Antiseptic-Liquid-1-L/dp/B07B11V59H/ref=sr_1_6?dib=eyJ2IjoiMSJ9.kX3wtzWUAaSntGNNnfzQIPephKMmOT56bN_PfgSychCAWUi9kTWdxj2B6IhSZSL4e2o45-KIdzB5ccvyiCI95gbev5eFyu_jnhk5V-jSTkBLjoQMlfdZ0V69VlrgegkBdTMX9wAucQ47BrDLQ4N4bATixogJOCPuxQ8XbZ-VqQz_w_7Df2Sb5tp6xYYRxwfCfGsdjpkOz7bMMAjkmjWBTdP4hs1HQYgANtdEhdnZcar5kjTtnmlq5alOGYI72Qhi26CB24H1OWHZ15HxdO4DsBsJzcPtgSelsDvgsV6RTSo.7XNyEeyZhNAlucARQ2HlVP13yUqmJ_bobJA9XSmDkr0&dib_tag=se&keywords=Personal+Hygiene&qid=1724521970&sr=8-6#customerReviews
Personal Hygiene,https://www.amazon.com/Dettol-Antiseptic-Liquid-1-L/dp/B07B11V59H/ref=sr_1_6?dib=eyJ2IjoiMSJ9.kX3wtzWUAaSntGNNnfzQIPephKMmOT56bN_PfgSychCAWUi9kTWdxj2B6IhSZSL4e2o45-KIdzB5ccvyiCI95gbev5eFyu_jnhk5V-jSTkBLjoQMlfdZ0V69VlrgegkBdTMX9wAucQ47BrDLQ4N4bATixogJOCPuxQ8XbZ-VqQz_w_7Df2Sb5tp6xYYRxwfCfGsdjpkOz7bMMAjkmjWBTdP4hs1HQYgANtdEhdnZcar5kjTtnmlq5alOGYI72Qhi26CB24H1OWHZ15HxdO4DsBsJzcPtgSelsDvgsV6RTSo.7XNyEeyZhNAlucARQ2HlVP13yUqmJ_bobJA9XSmDkr0&dib_tag=se&keywords=Personal+Hygiene&qid=1724521970&sr=8-6
Personal Hygiene,https://www.amazon.com/VWash-Plus-Intimate-Hygiene-Wash/dp/B00S6KDGNE/ref=sr_1_7?dib=eyJ2IjoiMSJ9.kX3wtzWUAaSntGNNnfzQIPephKMmOT56bN_PfgSychCAWUi9kTWdxj2B6IhSZSL4e2o45-KIdzB5ccvyiCI95gbev5eFyu_jnhk5V-jSTkBLjoQMlfdZ0V69VlrgegkBdTMX9wAucQ47BrDLQ4N4bATixogJOCPuxQ8XbZ-VqQz_w_7Df2Sb5tp6xYYRxwfCfGsdjpkOz7bMMAjkmjWBTdP4hs1HQYgANtdEhdnZcar5kjTtnmlq5alOGYI72Qhi26CB24H1OWHZ15HxdO4DsBsJzcPtgSelsDvgsV6RTSo.7XNyEeyZhNAlucARQ2HlVP13yUqmJ_bobJA9XSmDkr0&dib_tag=se&keywords=Personal+Hygiene&qid=1724521970&sr=8-7
Personal Hygiene,https://www.amazon.com/VWash-Plus-Intimate-Hygiene-Wash/dp/B00S6KDGNE/ref=sr_1_7?dib=eyJ2IjoiMSJ9.kX3wtzWUAaSntGNNnfzQIPephKMmOT56bN_PfgSychCAWUi9kTWdxj2B6IhSZSL4e2o45-KIdzB5ccvyiCI95gbev5eFyu_jnhk5V-jSTkBLjoQMlfdZ0V69VlrgegkBdTMX9wAucQ47BrDLQ4N4bATixogJOCPuxQ8XbZ-VqQz_w_7Df2Sb5tp6xYYRxwfCfGsdjpkOz7bMMAjkmjWBTdP4hs1HQYgANtdEhdnZcar5kjTtnmlq5alOGYI72Qhi26CB24H1OWHZ15HxdO4DsBsJzcPtgSelsDvgsV6RTSo.7XNyEeyZhNAlucARQ2HlVP13yUqmJ_bobJA9XSmDkr0&dib_tag=se&keywords=Personal+Hygiene&qid=1724521970&sr=8-7
Personal Hygiene,https://www.amazon.com/VWash-Plus-Intimate-Hygiene-Wash/dp/B00S6KDGNE/ref=sr_1_7?dib=eyJ2IjoiMSJ9.kX3wtzWUAaSntGNNnfzQIPephKMmOT56bN_PfgSychCAWUi9kTWdxj2B6IhSZSL4e2o45-KIdzB5ccvyiCI95gbev5eFyu_jnhk5V-jSTkBLjoQMlfdZ0V69VlrgegkBdTMX9wAucQ47BrDLQ4N4bATixogJOCPuxQ8XbZ-VqQz_w_7Df2Sb5tp6xYYRxwfCfGsdjpkOz7bMMAjkmjWBTdP4hs1HQYgANtdEhdnZcar5kjTtnmlq5alOGYI72Qhi26CB24H1OWHZ15HxdO4DsBsJzcPtgSelsDvgsV6RTSo.7XNyEeyZhNAlucARQ2HlVP13yUqmJ_bobJA9XSmDkr0&dib_tag=se&keywords=Personal+Hygiene&qid=1724521970&sr=8-7#customerReviews
Personal Hygiene,https://www.amazon.com/VWash-Plus-Intimate-Hygiene-Wash/dp/B00S6KDGNE/ref=sr_1_7?dib=eyJ2IjoiMSJ9.kX3wtzWUAaSntGNNnfzQIPephKMmOT56bN_PfgSychCAWUi9kTWdxj2B6IhSZSL4e2o45-KIdzB5ccvyiCI95gbev5eFyu_jnhk5V-jSTkBLjoQMlfdZ0V69VlrgegkBdTMX9wAucQ47BrDLQ4N4bATixogJOCPuxQ8XbZ-VqQz_w_7Df2Sb5tp6xYYRxwfCfGsdjpkOz7bMMAjkmjWBTdP4hs1HQYgANtdEhdnZcar5kjTtnmlq5alOGYI72Qhi26CB24H1OWHZ15HxdO4DsBsJzcPtgSelsDvgsV6RTSo.7XNyEeyZhNAlucARQ2HlVP13yUqmJ_bobJA9XSmDkr0&dib_tag=se&keywords=Personal+Hygiene&qid=1724521970&sr=8-7
Personal Hygiene,https://www.amazon.com/Intimate-Alcohol-Free-Essential-Paraben-Free-Sulfate-Free/dp/B07D6Q2PZG/ref=sr_1_8?dib=eyJ2IjoiMSJ9.kX3wtzWUAaSntGNNnfzQIPephKMmOT56bN_PfgSychCAWUi9kTWdxj2B6IhSZSL4e2o45-KIdzB5ccvyiCI95gbev5eFyu_jnhk5V-jSTkBLjoQMlfdZ0V69VlrgegkBdTMX9wAucQ47BrDLQ4N4bATixogJOCPuxQ8XbZ-VqQz_w_7Df2Sb5tp6xYYRxwfCfGsdjpkOz7bMMAjkmjWBTdP4hs1HQYgANtdEhdnZcar5kjTtnmlq5alOGYI72Qhi26CB24H1OWHZ15HxdO4DsBsJzcPtgSelsDvgsV6RTSo.7XNyEeyZhNAlucARQ2HlVP13yUqmJ_bobJA9XSmDkr0&dib_tag=se&keywords=Personal+Hygiene&qid=1724521970&sr=8-8
Personal Hygiene,https://www.amazon.com/Intimate-Alcohol-Free-Essential-Paraben-Free-Sulfate-Free/dp/B07D6Q2PZG/ref=sr_1_8?dib=eyJ2IjoiMSJ9.kX3wtzWUAaSntGNNnfzQIPephKMmOT56bN_PfgSychCAWUi9kTWdxj2B6IhSZSL4e2o45-KIdzB5ccvyiCI95gbev5eFyu_jnhk5V-jSTkBLjoQMlfdZ0V69VlrgegkBdTMX9wAucQ47BrDLQ4N4bATixogJOCPuxQ8XbZ-VqQz_w_7Df2Sb5tp6xYYRxwfCfGsdjpkOz7bMMAjkmjWBTdP4hs1HQYgANtdEhdnZcar5kjTtnmlq5alOGYI72Qhi26CB24H1OWHZ15HxdO4DsBsJzcPtgSelsDvgsV6RTSo.7XNyEeyZhNAlucARQ2HlVP13yUqmJ_bobJA9XSmDkr0&dib_tag=se&keywords=Personal+Hygiene&qid=1724521970&sr=8-8
Personal Hygiene,https://www.amazon.com/Intimate-Alcohol-Free-Essential-Paraben-Free-Sulfate-Free/dp/B07D6Q2PZG/ref=sr_1_8?dib=eyJ2IjoiMSJ9.kX3wtzWUAaSntGNNnfzQIPephKMmOT56bN_PfgSychCAWUi9kTWdxj2B6IhSZSL4e2o45-KIdzB5ccvyiCI95gbev5eFyu_jnhk5V-jSTkBLjoQMlfdZ0V69VlrgegkBdTMX9wAucQ47BrDLQ4N4bATixogJOCPuxQ8XbZ-VqQz_w_7Df2Sb5tp6xYYRxwfCfGsdjpkOz7bMMAjkmjWBTdP4hs1HQYgANtdEhdnZcar5kjTtnmlq5alOGYI72Qhi26CB24H1OWHZ15HxdO4DsBsJzcPtgSelsDvgsV6RTSo.7XNyEeyZhNAlucARQ2HlVP13yUqmJ_bobJA9XSmDkr0&dib_tag=se&keywords=Personal+Hygiene&qid=1724521970&sr=8-8#customerReviews
Personal Hygiene,https://www.amazon.com/Intimate-Alcohol-Free-Essential-Paraben-Free-Sulfate-Free/dp/B07D6Q2PZG/ref=sr_1_8?dib=eyJ2IjoiMSJ9.kX3wtzWUAaSntGNNnfzQIPephKMmOT56bN_PfgSychCAWUi9kTWdxj2B6IhSZSL4e2o45-KIdzB5ccvyiCI95gbev5eFyu_jnhk5V-jSTkBLjoQMlfdZ0V69VlrgegkBdTMX9wAucQ47BrDLQ4N4bATixogJOCPuxQ8XbZ-VqQz_w_7Df2Sb5tp6xYYRxwfCfGsdjpkOz7bMMAjkmjWBTdP4hs1HQYgANtdEhdnZcar5kjTtnmlq5alOGYI72Qhi26CB24H1OWHZ15HxdO4DsBsJzcPtgSelsDvgsV6RTSo.7XNyEeyZhNAlucARQ2HlVP13yUqmJ_bobJA9XSmDkr0&dib_tag=se&keywords=Personal+Hygiene&qid=1724521970&sr=8-8
Personal Hygiene,https://www.amazon.com/Bella-Sensitive-Intimate-Delicate-Emulsion/dp/B07P21MDFT/ref=sr_1_9?dib=eyJ2IjoiMSJ9.kX3wtzWUAaSntGNNnfzQIPephKMmOT56bN_PfgSychCAWUi9kTWdxj2B6IhSZSL4e2o45-KIdzB5ccvyiCI95gbev5eFyu_jnhk5V-jSTkBLjoQMlfdZ0V69VlrgegkBdTMX9wAucQ47BrDLQ4N4bATixogJOCPuxQ8XbZ-VqQz_w_7Df2Sb5tp6xYYRxwfCfGsdjpkOz7bMMAjkmjWBTdP4hs1HQYgANtdEhdnZcar5kjTtnmlq5alOGYI72Qhi26CB24H1OWHZ15HxdO4DsBsJzcPtgSelsDvgsV6RTSo.7XNyEeyZhNAlucARQ2HlVP13yUqmJ_bobJA9XSmDkr0&dib_tag=se&keywords=Personal+Hygiene&qid=1724521970&sr=8-9
Personal Hygiene,https://www.amazon.com/Bella-Sensitive-Intimate-Delicate-Emulsion/dp/B07P21MDFT/ref=sr_1_9?dib=eyJ2IjoiMSJ9.kX3wtzWUAaSntGNNnfzQIPephKMmOT56bN_PfgSychCAWUi9kTWdxj2B6IhSZSL4e2o45-KIdzB5ccvyiCI95gbev5eFyu_jnhk5V-jSTkBLjoQMlfdZ0V69VlrgegkBdTMX9wAucQ47BrDLQ4N4bATixogJOCPuxQ8XbZ-VqQz_w_7Df2Sb5tp6xYYRxwfCfGsdjpkOz7bMMAjkmjWBTdP4hs1HQYgANtdEhdnZcar5kjTtnmlq5alOGYI72Qhi26CB24H1OWHZ15HxdO4DsBsJzcPtgSelsDvgsV6RTSo.7XNyEeyZhNAlucARQ2HlVP13yUqmJ_bobJA9XSmDkr0&dib_tag=se&keywords=Personal+Hygiene&qid=1724521970&sr=8-9
Personal Hygiene,https://www.amazon.com/Bella-Sensitive-Intimate-Delicate-Emulsion/dp/B07P21MDFT/ref=sr_1_9?dib=eyJ2IjoiMSJ9.kX3wtzWUAaSntGNNnfzQIPephKMmOT56bN_PfgSychCAWUi9kTWdxj2B6IhSZSL4e2o45-KIdzB5ccvyiCI95gbev5eFyu_jnhk5V-jSTkBLjoQMlfdZ0V69VlrgegkBdTMX9wAucQ47BrDLQ4N4bATixogJOCPuxQ8XbZ-VqQz_w_7Df2Sb5tp6xYYRxwfCfGsdjpkOz7bMMAjkmjWBTdP4hs1HQYgANtdEhdnZcar5kjTtnmlq5alOGYI72Qhi26CB24H1OWHZ15HxdO4DsBsJzcPtgSelsDvgsV6RTSo.7XNyEeyZhNAlucARQ2HlVP13yUqmJ_bobJA9XSmDkr0&dib_tag=se&keywords=Personal+Hygiene&qid=1724521970&sr=8-9#customerReviews
Personal Hygiene,https://www.amazon.com/Bella-Sensitive-Intimate-Delicate-Emulsion/dp/B07P21MDFT/ref=sr_1_9?dib=eyJ2IjoiMSJ9.kX3wtzWUAaSntGNNnfzQIPephKMmOT56bN_PfgSychCAWUi9kTWdxj2B6IhSZSL4e2o45-KIdzB5ccvyiCI95gbev5eFyu_jnhk5V-jSTkBLjoQMlfdZ0V69VlrgegkBdTMX9wAucQ47BrDLQ4N4bATixogJOCPuxQ8XbZ-VqQz_w_7Df2Sb5tp6xYYRxwfCfGsdjpkOz7bMMAjkmjWBTdP4hs1HQYgANtdEhdnZcar5kjTtnmlq5alOGYI72Qhi26CB24H1OWHZ15HxdO4DsBsJzcPtgSelsDvgsV6RTSo.7XNyEeyZhNAlucARQ2HlVP13yUqmJ_bobJA9XSmDkr0&dib_tag=se&keywords=Personal+Hygiene&qid=1724521970&sr=8-9
Personal Hygiene,https://www.amazon.com/Alark-Cleaning-Personal-Hygiene-Stainless/dp/B0CD834NWX/ref=sr_1_10?dib=eyJ2IjoiMSJ9.kX3wtzWUAaSntGNNnfzQIPephKMmOT56bN_PfgSychCAWUi9kTWdxj2B6IhSZSL4e2o45-KIdzB5ccvyiCI95gbev5eFyu_jnhk5V-jSTkBLjoQMlfdZ0V69VlrgegkBdTMX9wAucQ47BrDLQ4N4bATixogJOCPuxQ8XbZ-VqQz_w_7Df2Sb5tp6xYYRxwfCfGsdjpkOz7bMMAjkmjWBTdP4hs1HQYgANtdEhdnZcar5kjTtnmlq5alOGYI72Qhi26CB24H1OWHZ15HxdO4DsBsJzcPtgSelsDvgsV6RTSo.7XNyEeyZhNAlucARQ2HlVP13yUqmJ_bobJA9XSmDkr0&dib_tag=se&keywords=Personal+Hygiene&qid=1724521970&sr=8-10
Personal Hygiene,https://www.amazon.com/Alark-Cleaning-Personal-Hygiene-Stainless/dp/B0CD834NWX/ref=sr_1_10?dib=eyJ2IjoiMSJ9.kX3wtzWUAaSntGNNnfzQIPephKMmOT56bN_PfgSychCAWUi9kTWdxj2B6IhSZSL4e2o45-KIdzB5ccvyiCI95gbev5eFyu_jnhk5V-jSTkBLjoQMlfdZ0V69VlrgegkBdTMX9wAucQ47BrDLQ4N4bATixogJOCPuxQ8XbZ-VqQz_w_7Df2Sb5tp6xYYRxwfCfGsdjpkOz7bMMAjkmjWBTdP4hs1HQYgANtdEhdnZcar5kjTtnmlq5alOGYI72Qhi26CB24H1OWHZ15HxdO4DsBsJzcPtgSelsDvgsV6RTSo.7XNyEeyZhNAlucARQ2HlVP13yUqmJ_bobJA9XSmDkr0&dib_tag=se&keywords=Personal+Hygiene&qid=1724521970&sr=8-10
Personal Hygiene,https://www.amazon.com/Alark-Cleaning-Personal-Hygiene-Stainless/dp/B0CD834NWX/ref=sr_1_10?dib=eyJ2IjoiMSJ9.kX3wtzWUAaSntGNNnfzQIPephKMmOT56bN_PfgSychCAWUi9kTWdxj2B6IhSZSL4e2o45-KIdzB5ccvyiCI95gbev5eFyu_jnhk5V-jSTkBLjoQMlfdZ0V69VlrgegkBdTMX9wAucQ47BrDLQ4N4bATixogJOCPuxQ8XbZ-VqQz_w_7Df2Sb5tp6xYYRxwfCfGsdjpkOz7bMMAjkmjWBTdP4hs1HQYgANtdEhdnZcar5kjTtnmlq5alOGYI72Qhi26CB24H1OWHZ15HxdO4DsBsJzcPtgSelsDvgsV6RTSo.7XNyEeyZhNAlucARQ2HlVP13yUqmJ_bobJA9XSmDkr0&dib_tag=se&keywords=Personal+Hygiene&qid=1724521970&sr=8-10#customerReviews
Personal Hygiene,https://www.amazon.com/Alark-Cleaning-Personal-Hygiene-Stainless/dp/B0CD834NWX/ref=sr_1_10?dib=eyJ2IjoiMSJ9.kX3wtzWUAaSntGNNnfzQIPephKMmOT56bN_PfgSychCAWUi9kTWdxj2B6IhSZSL4e2o45-KIdzB5ccvyiCI95gbev5eFyu_jnhk5V-jSTkBLjoQMlfdZ0V69VlrgegkBdTMX9wAucQ47BrDLQ4N4bATixogJOCPuxQ8XbZ-VqQz_w_7Df2Sb5tp6xYYRxwfCfGsdjpkOz7bMMAjkmjWBTdP4hs1HQYgANtdEhdnZcar5kjTtnmlq5alOGYI72Qhi26CB24H1OWHZ15HxdO4DsBsJzcPtgSelsDvgsV6RTSo.7XNyEeyZhNAlucARQ2HlVP13yUqmJ_bobJA9XSmDkr0&dib_tag=se&keywords=Personal+Hygiene&qid=1724521970&sr=8-10
Personal Hygiene,https://www.amazon.com/Intimate-Perfume-Prevents-irritation-private/dp/B09KH93NKW/ref=sr_1_11?dib=eyJ2IjoiMSJ9.kX3wtzWUAaSntGNNnfzQIPephKMmOT56bN_PfgSychCAWUi9kTWdxj2B6IhSZSL4e2o45-KIdzB5ccvyiCI95gbev5eFyu_jnhk5V-jSTkBLjoQMlfdZ0V69VlrgegkBdTMX9wAucQ47BrDLQ4N4bATixogJOCPuxQ8XbZ-VqQz_w_7Df2Sb5tp6xYYRxwfCfGsdjpkOz7bMMAjkmjWBTdP4hs1HQYgANtdEhdnZcar5kjTtnmlq5alOGYI72Qhi26CB24H1OWHZ15HxdO4DsBsJzcPtgSelsDvgsV6RTSo.7XNyEeyZhNAlucARQ2HlVP13yUqmJ_bobJA9XSmDkr0&dib_tag=se&keywords=Personal+Hygiene&qid=1724521970&sr=8-11
Personal Hygiene,https://www.amazon.com/Intimate-Perfume-Prevents-irritation-private/dp/B09KH93NKW/ref=sr_1_11?dib=eyJ2IjoiMSJ9.kX3wtzWUAaSntGNNnfzQIPephKMmOT56bN_PfgSychCAWUi9kTWdxj2B6IhSZSL4e2o45-KIdzB5ccvyiCI95gbev5eFyu_jnhk5V-jSTkBLjoQMlfdZ0V69VlrgegkBdTMX9wAucQ47BrDLQ4N4bATixogJOCPuxQ8XbZ-VqQz_w_7Df2Sb5tp6xYYRxwfCfGsdjpkOz7bMMAjkmjWBTdP4hs1HQYgANtdEhdnZcar5kjTtnmlq5alOGYI72Qhi26CB24H1OWHZ15HxdO4DsBsJzcPtgSelsDvgsV6RTSo.7XNyEeyZhNAlucARQ2HlVP13yUqmJ_bobJA9XSmDkr0&dib_tag=se&keywords=Personal+Hygiene&qid=1724521970&sr=8-11
Personal Hygiene,https://www.amazon.com/Intimate-Perfume-Prevents-irritation-private/dp/B09KH93NKW/ref=sr_1_11?dib=eyJ2IjoiMSJ9.kX3wtzWUAaSntGNNnfzQIPephKMmOT56bN_PfgSychCAWUi9kTWdxj2B6IhSZSL4e2o45-KIdzB5ccvyiCI95gbev5eFyu_jnhk5V-jSTkBLjoQMlfdZ0V69VlrgegkBdTMX9wAucQ47BrDLQ4N4bATixogJOCPuxQ8XbZ-VqQz_w_7Df2Sb5tp6xYYRxwfCfGsdjpkOz7bMMAjkmjWBTdP4hs1HQYgANtdEhdnZcar5kjTtnmlq5alOGYI72Qhi26CB24H1OWHZ15HxdO4DsBsJzcPtgSelsDvgsV6RTSo.7XNyEeyZhNAlucARQ2HlVP13yUqmJ_bobJA9XSmDkr0&dib_tag=se&keywords=Personal+Hygiene&qid=1724521970&sr=8-11#customerReviews
Personal Hygiene,https://www.amazon.com/Intimate-Perfume-Prevents-irritation-private/dp/B09KH93NKW/ref=sr_1_11?dib=eyJ2IjoiMSJ9.kX3wtzWUAaSntGNNnfzQIPephKMmOT56bN_PfgSychCAWUi9kTWdxj2B6IhSZSL4e2o45-KIdzB5ccvyiCI95gbev5eFyu_jnhk5V-jSTkBLjoQMlfdZ0V69VlrgegkBdTMX9wAucQ47BrDLQ4N4bATixogJOCPuxQ8XbZ-VqQz_w_7Df2Sb5tp6xYYRxwfCfGsdjpkOz7bMMAjkmjWBTdP4hs1HQYgANtdEhdnZcar5kjTtnmlq5alOGYI72Qhi26CB24H1OWHZ15HxdO4DsBsJzcPtgSelsDvgsV6RTSo.7XNyEeyZhNAlucARQ2HlVP13yUqmJ_bobJA9XSmDkr0&dib_tag=se&keywords=Personal+Hygiene&qid=1724521970&sr=8-11
Personal Hygiene,https://www.amazon.com/Savlon-Disinfectant-Refreshing-Detergent-fragrance/dp/B094RHGZ4B/ref=sr_1_12?dib=eyJ2IjoiMSJ9.kX3wtzWUAaSntGNNnfzQIPephKMmOT56bN_PfgSychCAWUi9kTWdxj2B6IhSZSL4e2o45-KIdzB5ccvyiCI95gbev5eFyu_jnhk5V-jSTkBLjoQMlfdZ0V69VlrgegkBdTMX9wAucQ47BrDLQ4N4bATixogJOCPuxQ8XbZ-VqQz_w_7Df2Sb5tp6xYYRxwfCfGsdjpkOz7bMMAjkmjWBTdP4hs1HQYgANtdEhdnZcar5kjTtnmlq5alOGYI72Qhi26CB24H1OWHZ15HxdO4DsBsJzcPtgSelsDvgsV6RTSo.7XNyEeyZhNAlucARQ2HlVP13yUqmJ_bobJA9XSmDkr0&dib_tag=se&keywords=Personal+Hygiene&qid=1724521970&sr=8-12
Personal Hygiene,https://www.amazon.com/Savlon-Disinfectant-Refreshing-Detergent-fragrance/dp/B094RHGZ4B/ref=sr_1_12?dib=eyJ2IjoiMSJ9.kX3wtzWUAaSntGNNnfzQIPephKMmOT56bN_PfgSychCAWUi9kTWdxj2B6IhSZSL4e2o45-KIdzB5ccvyiCI95gbev5eFyu_jnhk5V-jSTkBLjoQMlfdZ0V69VlrgegkBdTMX9wAucQ47BrDLQ4N4bATixogJOCPuxQ8XbZ-VqQz_w_7Df2Sb5tp6xYYRxwfCfGsdjpkOz7bMMAjkmjWBTdP4hs1HQYgANtdEhdnZcar5kjTtnmlq5alOGYI72Qhi26CB24H1OWHZ15HxdO4DsBsJzcPtgSelsDvgsV6RTSo.7XNyEeyZhNAlucARQ2HlVP13yUqmJ_bobJA9XSmDkr0&dib_tag=se&keywords=Personal+Hygiene&qid=1724521970&sr=8-12
Personal Hygiene,https://www.amazon.com/Savlon-Disinfectant-Refreshing-Detergent-fragrance/dp/B094RHGZ4B/ref=sr_1_12?dib=eyJ2IjoiMSJ9.kX3wtzWUAaSntGNNnfzQIPephKMmOT56bN_PfgSychCAWUi9kTWdxj2B6IhSZSL4e2o45-KIdzB5ccvyiCI95gbev5eFyu_jnhk5V-jSTkBLjoQMlfdZ0V69VlrgegkBdTMX9wAucQ47BrDLQ4N4bATixogJOCPuxQ8XbZ-VqQz_w_7Df2Sb5tp6xYYRxwfCfGsdjpkOz7bMMAjkmjWBTdP4hs1HQYgANtdEhdnZcar5kjTtnmlq5alOGYI72Qhi26CB24H1OWHZ15HxdO4DsBsJzcPtgSelsDvgsV6RTSo.7XNyEeyZhNAlucARQ2HlVP13yUqmJ_bobJA9XSmDkr0&dib_tag=se&keywords=Personal+Hygiene&qid=1724521970&sr=8-12#customerReviews
Personal Hygiene,https://www.amazon.com/Savlon-Disinfectant-Refreshing-Detergent-fragrance/dp/B094RHGZ4B/ref=sr_1_12?dib=eyJ2IjoiMSJ9.kX3wtzWUAaSntGNNnfzQIPephKMmOT56bN_PfgSychCAWUi9kTWdxj2B6IhSZSL4e2o45-KIdzB5ccvyiCI95gbev5eFyu_jnhk5V-jSTkBLjoQMlfdZ0V69VlrgegkBdTMX9wAucQ47BrDLQ4N4bATixogJOCPuxQ8XbZ-VqQz_w_7Df2Sb5tp6xYYRxwfCfGsdjpkOz7bMMAjkmjWBTdP4hs1HQYgANtdEhdnZcar5kjTtnmlq5alOGYI72Qhi26CB24H1OWHZ15HxdO4DsBsJzcPtgSelsDvgsV6RTSo.7XNyEeyZhNAlucARQ2HlVP13yUqmJ_bobJA9XSmDkr0&dib_tag=se&keywords=Personal+Hygiene&qid=1724521970&sr=8-12
Personal Hygiene,https://www.amazon.com/Sofy-Women-Bacteria-Sanitary-X-Large/dp/B07Y8SPJRQ/ref=sr_1_13?dib=eyJ2IjoiMSJ9.kX3wtzWUAaSntGNNnfzQIPephKMmOT56bN_PfgSychCAWUi9kTWdxj2B6IhSZSL4e2o45-KIdzB5ccvyiCI95gbev5eFyu_jnhk5V-jSTkBLjoQMlfdZ0V69VlrgegkBdTMX9wAucQ47BrDLQ4N4bATixogJOCPuxQ8XbZ-VqQz_w_7Df2Sb5tp6xYYRxwfCfGsdjpkOz7bMMAjkmjWBTdP4hs1HQYgANtdEhdnZcar5kjTtnmlq5alOGYI72Qhi26CB24H1OWHZ15HxdO4DsBsJzcPtgSelsDvgsV6RTSo.7XNyEeyZhNAlucARQ2HlVP13yUqmJ_bobJA9XSmDkr0&dib_tag=se&keywords=Personal+Hygiene&qid=1724521970&sr=8-13
Personal Hygiene,https://www.amazon.com/Sofy-Women-Bacteria-Sanitary-X-Large/dp/B07Y8SPJRQ/ref=sr_1_13?dib=eyJ2IjoiMSJ9.kX3wtzWUAaSntGNNnfzQIPephKMmOT56bN_PfgSychCAWUi9kTWdxj2B6IhSZSL4e2o45-KIdzB5ccvyiCI95gbev5eFyu_jnhk5V-jSTkBLjoQMlfdZ0V69VlrgegkBdTMX9wAucQ47BrDLQ4N4bATixogJOCPuxQ8XbZ-VqQz_w_7Df2Sb5tp6xYYRxwfCfGsdjpkOz7bMMAjkmjWBTdP4hs1HQYgANtdEhdnZcar5kjTtnmlq5alOGYI72Qhi26CB24H1OWHZ15HxdO4DsBsJzcPtgSelsDvgsV6RTSo.7XNyEeyZhNAlucARQ2HlVP13yUqmJ_bobJA9XSmDkr0&dib_tag=se&keywords=Personal+Hygiene&qid=1724521970&sr=8-13
Personal Hygiene,https://www.amazon.com/Sofy-Women-Bacteria-Sanitary-X-Large/dp/B07Y8SPJRQ/ref=sr_1_13?dib=eyJ2IjoiMSJ9.kX3wtzWUAaSntGNNnfzQIPephKMmOT56bN_PfgSychCAWUi9kTWdxj2B6IhSZSL4e2o45-KIdzB5ccvyiCI95gbev5eFyu_jnhk5V-jSTkBLjoQMlfdZ0V69VlrgegkBdTMX9wAucQ47BrDLQ4N4bATixogJOCPuxQ8XbZ-VqQz_w_7Df2Sb5tp6xYYRxwfCfGsdjpkOz7bMMAjkmjWBTdP4hs1HQYgANtdEhdnZcar5kjTtnmlq5alOGYI72Qhi26CB24H1OWHZ15HxdO4DsBsJzcPtgSelsDvgsV6RTSo.7XNyEeyZhNAlucARQ2HlVP13yUqmJ_bobJA9XSmDkr0&dib_tag=se&keywords=Personal+Hygiene&qid=1724521970&sr=8-13#customerReviews
Personal Hygiene,https://www.amazon.com/Sofy-Women-Bacteria-Sanitary-X-Large/dp/B07Y8SPJRQ/ref=sr_1_13?dib=eyJ2IjoiMSJ9.kX3wtzWUAaSntGNNnfzQIPephKMmOT56bN_PfgSychCAWUi9kTWdxj2B6IhSZSL4e2o45-KIdzB5ccvyiCI95gbev5eFyu_jnhk5V-jSTkBLjoQMlfdZ0V69VlrgegkBdTMX9wAucQ47BrDLQ4N4bATixogJOCPuxQ8XbZ-VqQz_w_7Df2Sb5tp6xYYRxwfCfGsdjpkOz7bMMAjkmjWBTdP4hs1HQYgANtdEhdnZcar5kjTtnmlq5alOGYI72Qhi26CB24H1OWHZ15HxdO4DsBsJzcPtgSelsDvgsV6RTSo.7XNyEeyZhNAlucARQ2HlVP13yUqmJ_bobJA9XSmDkr0&dib_tag=se&keywords=Personal+Hygiene&qid=1724521970&sr=8-13
Personal Hygiene,https://www.amazon.com/Stayfree-Secure-Cottony-Sanitary-napkins/dp/B07DVLY8K8/ref=sr_1_14?dib=eyJ2IjoiMSJ9.kX3wtzWUAaSntGNNnfzQIPephKMmOT56bN_PfgSychCAWUi9kTWdxj2B6IhSZSL4e2o45-KIdzB5ccvyiCI95gbev5eFyu_jnhk5V-jSTkBLjoQMlfdZ0V69VlrgegkBdTMX9wAucQ47BrDLQ4N4bATixogJOCPuxQ8XbZ-VqQz_w_7Df2Sb5tp6xYYRxwfCfGsdjpkOz7bMMAjkmjWBTdP4hs1HQYgANtdEhdnZcar5kjTtnmlq5alOGYI72Qhi26CB24H1OWHZ15HxdO4DsBsJzcPtgSelsDvgsV6RTSo.7XNyEeyZhNAlucARQ2HlVP13yUqmJ_bobJA9XSmDkr0&dib_tag=se&keywords=Personal+Hygiene&qid=1724521970&sr=8-14
Personal Hygiene,https://www.amazon.com/Stayfree-Secure-Cottony-Sanitary-napkins/dp/B07DVLY8K8/ref=sr_1_14?dib=eyJ2IjoiMSJ9.kX3wtzWUAaSntGNNnfzQIPephKMmOT56bN_PfgSychCAWUi9kTWdxj2B6IhSZSL4e2o45-KIdzB5ccvyiCI95gbev5eFyu_jnhk5V-jSTkBLjoQMlfdZ0V69VlrgegkBdTMX9wAucQ47BrDLQ4N4bATixogJOCPuxQ8XbZ-VqQz_w_7Df2Sb5tp6xYYRxwfCfGsdjpkOz7bMMAjkmjWBTdP4hs1HQYgANtdEhdnZcar5kjTtnmlq5alOGYI72Qhi26CB24H1OWHZ15HxdO4DsBsJzcPtgSelsDvgsV6RTSo.7XNyEeyZhNAlucARQ2HlVP13yUqmJ_bobJA9XSmDkr0&dib_tag=se&keywords=Personal+Hygiene&qid=1724521970&sr=8-14
Personal Hygiene,https://www.amazon.com/Stayfree-Secure-Cottony-Sanitary-napkins/dp/B07DVLY8K8/ref=sr_1_14?dib=eyJ2IjoiMSJ9.kX3wtzWUAaSntGNNnfzQIPephKMmOT56bN_PfgSychCAWUi9kTWdxj2B6IhSZSL4e2o45-KIdzB5ccvyiCI95gbev5eFyu_jnhk5V-jSTkBLjoQMlfdZ0V69VlrgegkBdTMX9wAucQ47BrDLQ4N4bATixogJOCPuxQ8XbZ-VqQz_w_7Df2Sb5tp6xYYRxwfCfGsdjpkOz7bMMAjkmjWBTdP4hs1HQYgANtdEhdnZcar5kjTtnmlq5alOGYI72Qhi26CB24H1OWHZ15HxdO4DsBsJzcPtgSelsDvgsV6RTSo.7XNyEeyZhNAlucARQ2HlVP13yUqmJ_bobJA9XSmDkr0&dib_tag=se&keywords=Personal+Hygiene&qid=1724521970&sr=8-14#customerReviews
Personal Hygiene,https://www.amazon.com/Stayfree-Secure-Cottony-Sanitary-napkins/dp/B07DVLY8K8/ref=sr_1_14?dib=eyJ2IjoiMSJ9.kX3wtzWUAaSntGNNnfzQIPephKMmOT56bN_PfgSychCAWUi9kTWdxj2B6IhSZSL4e2o45-KIdzB5ccvyiCI95gbev5eFyu_jnhk5V-jSTkBLjoQMlfdZ0V69VlrgegkBdTMX9wAucQ47BrDLQ4N4bATixogJOCPuxQ8XbZ-VqQz_w_7Df2Sb5tp6xYYRxwfCfGsdjpkOz7bMMAjkmjWBTdP4hs1HQYgANtdEhdnZcar5kjTtnmlq5alOGYI72Qhi26CB24H1OWHZ15HxdO4DsBsJzcPtgSelsDvgsV6RTSo.7XNyEeyZhNAlucARQ2HlVP13yUqmJ_bobJA9XSmDkr0&dib_tag=se&keywords=Personal+Hygiene&qid=1724521970&sr=8-14
Personal Hygiene,https://www.amazon.com/Dettol-Disinfectant-Cleaner-Disinfection-Personal/dp/B0C7SLLHSR/ref=sr_1_15?dib=eyJ2IjoiMSJ9.kX3wtzWUAaSntGNNnfzQIPephKMmOT56bN_PfgSychCAWUi9kTWdxj2B6IhSZSL4e2o45-KIdzB5ccvyiCI95gbev5eFyu_jnhk5V-jSTkBLjoQMlfdZ0V69VlrgegkBdTMX9wAucQ47BrDLQ4N4bATixogJOCPuxQ8XbZ-VqQz_w_7Df2Sb5tp6xYYRxwfCfGsdjpkOz7bMMAjkmjWBTdP4hs1HQYgANtdEhdnZcar5kjTtnmlq5alOGYI72Qhi26CB24H1OWHZ15HxdO4DsBsJzcPtgSelsDvgsV6RTSo.7XNyEeyZhNAlucARQ2HlVP13yUqmJ_bobJA9XSmDkr0&dib_tag=se&keywords=Personal+Hygiene&qid=1724521970&sr=8-15
Personal Hygiene,https://www.amazon.com/Dettol-Disinfectant-Cleaner-Disinfection-Personal/dp/B0C7SLLHSR/ref=sr_1_15?dib=eyJ2IjoiMSJ9.kX3wtzWUAaSntGNNnfzQIPephKMmOT56bN_PfgSychCAWUi9kTWdxj2B6IhSZSL4e2o45-KIdzB5ccvyiCI95gbev5eFyu_jnhk5V-jSTkBLjoQMlfdZ0V69VlrgegkBdTMX9wAucQ47BrDLQ4N4bATixogJOCPuxQ8XbZ-VqQz_w_7Df2Sb5tp6xYYRxwfCfGsdjpkOz7bMMAjkmjWBTdP4hs1HQYgANtdEhdnZcar5kjTtnmlq5alOGYI72Qhi26CB24H1OWHZ15HxdO4DsBsJzcPtgSelsDvgsV6RTSo.7XNyEeyZhNAlucARQ2HlVP13yUqmJ_bobJA9XSmDkr0&dib_tag=se&keywords=Personal+Hygiene&qid=1724521970&sr=8-15
Personal Hygiene,https://www.amazon.com/Dettol-Disinfectant-Cleaner-Disinfection-Personal/dp/B0C7SLLHSR/ref=sr_1_15?dib=eyJ2IjoiMSJ9.kX3wtzWUAaSntGNNnfzQIPephKMmOT56bN_PfgSychCAWUi9kTWdxj2B6IhSZSL4e2o45-KIdzB5ccvyiCI95gbev5eFyu_jnhk5V-jSTkBLjoQMlfdZ0V69VlrgegkBdTMX9wAucQ47BrDLQ4N4bATixogJOCPuxQ8XbZ-VqQz_w_7Df2Sb5tp6xYYRxwfCfGsdjpkOz7bMMAjkmjWBTdP4hs1HQYgANtdEhdnZcar5kjTtnmlq5alOGYI72Qhi26CB24H1OWHZ15HxdO4DsBsJzcPtgSelsDvgsV6RTSo.7XNyEeyZhNAlucARQ2HlVP13yUqmJ_bobJA9XSmDkr0&dib_tag=se&keywords=Personal+Hygiene&qid=1724521970&sr=8-15#customerReviews
Personal Hygiene,https://www.amazon.com/Dettol-Disinfectant-Cleaner-Disinfection-Personal/dp/B0C7SLLHSR/ref=sr_1_15?dib=eyJ2IjoiMSJ9.kX3wtzWUAaSntGNNnfzQIPephKMmOT56bN_PfgSychCAWUi9kTWdxj2B6IhSZSL4e2o45-KIdzB5ccvyiCI95gbev5eFyu_jnhk5V-jSTkBLjoQMlfdZ0V69VlrgegkBdTMX9wAucQ47BrDLQ4N4bATixogJOCPuxQ8XbZ-VqQz_w_7Df2Sb5tp6xYYRxwfCfGsdjpkOz7bMMAjkmjWBTdP4hs1HQYgANtdEhdnZcar5kjTtnmlq5alOGYI72Qhi26CB24H1OWHZ15HxdO4DsBsJzcPtgSelsDvgsV6RTSo.7XNyEeyZhNAlucARQ2HlVP13yUqmJ_bobJA9XSmDkr0&dib_tag=se&keywords=Personal+Hygiene&qid=1724521970&sr=8-15
Personal Hygiene,https://www.amazon.com/Moms-Chamomile-Bacterial-Infection-irritation/dp/B09TBB14RH/ref=sr_1_16?dib=eyJ2IjoiMSJ9.kX3wtzWUAaSntGNNnfzQIPephKMmOT56bN_PfgSychCAWUi9kTWdxj2B6IhSZSL4e2o45-KIdzB5ccvyiCI95gbev5eFyu_jnhk5V-jSTkBLjoQMlfdZ0V69VlrgegkBdTMX9wAucQ47BrDLQ4N4bATixogJOCPuxQ8XbZ-VqQz_w_7Df2Sb5tp6xYYRxwfCfGsdjpkOz7bMMAjkmjWBTdP4hs1HQYgANtdEhdnZcar5kjTtnmlq5alOGYI72Qhi26CB24H1OWHZ15HxdO4DsBsJzcPtgSelsDvgsV6RTSo.7XNyEeyZhNAlucARQ2HlVP13yUqmJ_bobJA9XSmDkr0&dib_tag=se&keywords=Personal+Hygiene&qid=1724521970&sr=8-16
Personal Hygiene,https://www.amazon.com/Moms-Chamomile-Bacterial-Infection-irritation/dp/B09TBB14RH/ref=sr_1_16?dib=eyJ2IjoiMSJ9.kX3wtzWUAaSntGNNnfzQIPephKMmOT56bN_PfgSychCAWUi9kTWdxj2B6IhSZSL4e2o45-KIdzB5ccvyiCI95gbev5eFyu_jnhk5V-jSTkBLjoQMlfdZ0V69VlrgegkBdTMX9wAucQ47BrDLQ4N4bATixogJOCPuxQ8XbZ-VqQz_w_7Df2Sb5tp6xYYRxwfCfGsdjpkOz7bMMAjkmjWBTdP4hs1HQYgANtdEhdnZcar5kjTtnmlq5alOGYI72Qhi26CB24H1OWHZ15HxdO4DsBsJzcPtgSelsDvgsV6RTSo.7XNyEeyZhNAlucARQ2HlVP13yUqmJ_bobJA9XSmDkr0&dib_tag=se&keywords=Personal+Hygiene&qid=1724521970&sr=8-16
Personal Hygiene,https://www.amazon.com/Moms-Chamomile-Bacterial-Infection-irritation/dp/B09TBB14RH/ref=sr_1_16?dib=eyJ2IjoiMSJ9.kX3wtzWUAaSntGNNnfzQIPephKMmOT56bN_PfgSychCAWUi9kTWdxj2B6IhSZSL4e2o45-KIdzB5ccvyiCI95gbev5eFyu_jnhk5V-jSTkBLjoQMlfdZ0V69VlrgegkBdTMX9wAucQ47BrDLQ4N4bATixogJOCPuxQ8XbZ-VqQz_w_7Df2Sb5tp6xYYRxwfCfGsdjpkOz7bMMAjkmjWBTdP4hs1HQYgANtdEhdnZcar5kjTtnmlq5alOGYI72Qhi26CB24H1OWHZ15HxdO4DsBsJzcPtgSelsDvgsV6RTSo.7XNyEeyZhNAlucARQ2HlVP13yUqmJ_bobJA9XSmDkr0&dib_tag=se&keywords=Personal+Hygiene&qid=1724521970&sr=8-16#customerReviews
Personal Hygiene,https://www.amazon.com/Moms-Chamomile-Bacterial-Infection-irritation/dp/B09TBB14RH/ref=sr_1_16?dib=eyJ2IjoiMSJ9.kX3wtzWUAaSntGNNnfzQIPephKMmOT56bN_PfgSychCAWUi9kTWdxj2B6IhSZSL4e2o45-KIdzB5ccvyiCI95gbev5eFyu_jnhk5V-jSTkBLjoQMlfdZ0V69VlrgegkBdTMX9wAucQ47BrDLQ4N4bATixogJOCPuxQ8XbZ-VqQz_w_7Df2Sb5tp6xYYRxwfCfGsdjpkOz7bMMAjkmjWBTdP4hs1HQYgANtdEhdnZcar5kjTtnmlq5alOGYI72Qhi26CB24H1OWHZ15HxdO4DsBsJzcPtgSelsDvgsV6RTSo.7XNyEeyZhNAlucARQ2HlVP13yUqmJ_bobJA9XSmDkr0&dib_tag=se&keywords=Personal+Hygiene&qid=1724521970&sr=8-16
Personal Hygiene,https://www.amazon.com/Namyaa-Chandan-Intimate-Protection-Balanced/dp/B08GP3FMTV/ref=sr_1_17?dib=eyJ2IjoiMSJ9.kX3wtzWUAaSntGNNnfzQIPephKMmOT56bN_PfgSychCAWUi9kTWdxj2B6IhSZSL4e2o45-KIdzB5ccvyiCI95gbev5eFyu_jnhk5V-jSTkBLjoQMlfdZ0V69VlrgegkBdTMX9wAucQ47BrDLQ4N4bATixogJOCPuxQ8XbZ-VqQz_w_7Df2Sb5tp6xYYRxwfCfGsdjpkOz7bMMAjkmjWBTdP4hs1HQYgANtdEhdnZcar5kjTtnmlq5alOGYI72Qhi26CB24H1OWHZ15HxdO4DsBsJzcPtgSelsDvgsV6RTSo.7XNyEeyZhNAlucARQ2HlVP13yUqmJ_bobJA9XSmDkr0&dib_tag=se&keywords=Personal+Hygiene&qid=1724521970&sr=8-17
Personal Hygiene,https://www.amazon.com/Namyaa-Chandan-Intimate-Protection-Balanced/dp/B08GP3FMTV/ref=sr_1_17?dib=eyJ2IjoiMSJ9.kX3wtzWUAaSntGNNnfzQIPephKMmOT56bN_PfgSychCAWUi9kTWdxj2B6IhSZSL4e2o45-KIdzB5ccvyiCI95gbev5eFyu_jnhk5V-jSTkBLjoQMlfdZ0V69VlrgegkBdTMX9wAucQ47BrDLQ4N4bATixogJOCPuxQ8XbZ-VqQz_w_7Df2Sb5tp6xYYRxwfCfGsdjpkOz7bMMAjkmjWBTdP4hs1HQYgANtdEhdnZcar5kjTtnmlq5alOGYI72Qhi26CB24H1OWHZ15HxdO4DsBsJzcPtgSelsDvgsV6RTSo.7XNyEeyZhNAlucARQ2HlVP13yUqmJ_bobJA9XSmDkr0&dib_tag=se&keywords=Personal+Hygiene&qid=1724521970&sr=8-17
Personal Hygiene,https://www.amazon.com/Namyaa-Chandan-Intimate-Protection-Balanced/dp/B08GP3FMTV/ref=sr_1_17?dib=eyJ2IjoiMSJ9.kX3wtzWUAaSntGNNnfzQIPephKMmOT56bN_PfgSychCAWUi9kTWdxj2B6IhSZSL4e2o45-KIdzB5ccvyiCI95gbev5eFyu_jnhk5V-jSTkBLjoQMlfdZ0V69VlrgegkBdTMX9wAucQ47BrDLQ4N4bATixogJOCPuxQ8XbZ-VqQz_w_7Df2Sb5tp6xYYRxwfCfGsdjpkOz7bMMAjkmjWBTdP4hs1HQYgANtdEhdnZcar5kjTtnmlq5alOGYI72Qhi26CB24H1OWHZ15HxdO4DsBsJzcPtgSelsDvgsV6RTSo.7XNyEeyZhNAlucARQ2HlVP13yUqmJ_bobJA9XSmDkr0&dib_tag=se&keywords=Personal+Hygiene&qid=1724521970&sr=8-17#customerReviews
Personal Hygiene,https://www.amazon.com/Namyaa-Chandan-Intimate-Protection-Balanced/dp/B08GP3FMTV/ref=sr_1_17?dib=eyJ2IjoiMSJ9.kX3wtzWUAaSntGNNnfzQIPephKMmOT56bN_PfgSychCAWUi9kTWdxj2B6IhSZSL4e2o45-KIdzB5ccvyiCI95gbev5eFyu_jnhk5V-jSTkBLjoQMlfdZ0V69VlrgegkBdTMX9wAucQ47BrDLQ4N4bATixogJOCPuxQ8XbZ-VqQz_w_7Df2Sb5tp6xYYRxwfCfGsdjpkOz7bMMAjkmjWBTdP4hs1HQYgANtdEhdnZcar5kjTtnmlq5alOGYI72Qhi26CB24H1OWHZ15HxdO4DsBsJzcPtgSelsDvgsV6RTSo.7XNyEeyZhNAlucARQ2HlVP13yUqmJ_bobJA9XSmDkr0&dib_tag=se&keywords=Personal+Hygiene&qid=1724521970&sr=8-17
Personal Hygiene,https://www.amazon.com/Sirona-Intimate-Wet-Wipes-Pack/dp/B013BPI6CE/ref=sr_1_18?dib=eyJ2IjoiMSJ9.kX3wtzWUAaSntGNNnfzQIPephKMmOT56bN_PfgSychCAWUi9kTWdxj2B6IhSZSL4e2o45-KIdzB5ccvyiCI95gbev5eFyu_jnhk5V-jSTkBLjoQMlfdZ0V69VlrgegkBdTMX9wAucQ47BrDLQ4N4bATixogJOCPuxQ8XbZ-VqQz_w_7Df2Sb5tp6xYYRxwfCfGsdjpkOz7bMMAjkmjWBTdP4hs1HQYgANtdEhdnZcar5kjTtnmlq5alOGYI72Qhi26CB24H1OWHZ15HxdO4DsBsJzcPtgSelsDvgsV6RTSo.7XNyEeyZhNAlucARQ2HlVP13yUqmJ_bobJA9XSmDkr0&dib_tag=se&keywords=Personal+Hygiene&qid=1724521970&sr=8-18
Personal Hygiene,https://www.amazon.com/Sirona-Intimate-Wet-Wipes-Pack/dp/B013BPI6CE/ref=sr_1_18?dib=eyJ2IjoiMSJ9.kX3wtzWUAaSntGNNnfzQIPephKMmOT56bN_PfgSychCAWUi9kTWdxj2B6IhSZSL4e2o45-KIdzB5ccvyiCI95gbev5eFyu_jnhk5V-jSTkBLjoQMlfdZ0V69VlrgegkBdTMX9wAucQ47BrDLQ4N4bATixogJOCPuxQ8XbZ-VqQz_w_7Df2Sb5tp6xYYRxwfCfGsdjpkOz7bMMAjkmjWBTdP4hs1HQYgANtdEhdnZcar5kjTtnmlq5alOGYI72Qhi26CB24H1OWHZ15HxdO4DsBsJzcPtgSelsDvgsV6RTSo.7XNyEeyZhNAlucARQ2HlVP13yUqmJ_bobJA9XSmDkr0&dib_tag=se&keywords=Personal+Hygiene&qid=1724521970&sr=8-18
Personal Hygiene,https://www.amazon.com/Sirona-Intimate-Wet-Wipes-Pack/dp/B013BPI6CE/ref=sr_1_18?dib=eyJ2IjoiMSJ9.kX3wtzWUAaSntGNNnfzQIPephKMmOT56bN_PfgSychCAWUi9kTWdxj2B6IhSZSL4e2o45-KIdzB5ccvyiCI95gbev5eFyu_jnhk5V-jSTkBLjoQMlfdZ0V69VlrgegkBdTMX9wAucQ47BrDLQ4N4bATixogJOCPuxQ8XbZ-VqQz_w_7Df2Sb5tp6xYYRxwfCfGsdjpkOz7bMMAjkmjWBTdP4hs1HQYgANtdEhdnZcar5kjTtnmlq5alOGYI72Qhi26CB24H1OWHZ15HxdO4DsBsJzcPtgSelsDvgsV6RTSo.7XNyEeyZhNAlucARQ2HlVP13yUqmJ_bobJA9XSmDkr0&dib_tag=se&keywords=Personal+Hygiene&qid=1724521970&sr=8-18#customerReviews
Personal Hygiene,https://www.amazon.com/Sirona-Intimate-Wet-Wipes-Pack/dp/B013BPI6CE/ref=sr_1_18?dib=eyJ2IjoiMSJ9.kX3wtzWUAaSntGNNnfzQIPephKMmOT56bN_PfgSychCAWUi9kTWdxj2B6IhSZSL4e2o45-KIdzB5ccvyiCI95gbev5eFyu_jnhk5V-jSTkBLjoQMlfdZ0V69VlrgegkBdTMX9wAucQ47BrDLQ4N4bATixogJOCPuxQ8XbZ-VqQz_w_7Df2Sb5tp6xYYRxwfCfGsdjpkOz7bMMAjkmjWBTdP4hs1HQYgANtdEhdnZcar5kjTtnmlq5alOGYI72Qhi26CB24H1OWHZ15HxdO4DsBsJzcPtgSelsDvgsV6RTSo.7XNyEeyZhNAlucARQ2HlVP13yUqmJ_bobJA9XSmDkr0&dib_tag=se&keywords=Personal+Hygiene&qid=1724521970&sr=8-18
Personal Hygiene,https://www.amazon.com/WHISPER-SANITARY-REGULAR-PROTECTION-DISPOSABLE/dp/B074M8JBFT/ref=sr_1_19_f3_0o_na?dib=eyJ2IjoiMSJ9.kX3wtzWUAaSntGNNnfzQIPephKMmOT56bN_PfgSychCAWUi9kTWdxj2B6IhSZSL4e2o45-KIdzB5ccvyiCI95gbev5eFyu_jnhk5V-jSTkBLjoQMlfdZ0V69VlrgegkBdTMX9wAucQ47BrDLQ4N4bATixogJOCPuxQ8XbZ-VqQz_w_7Df2Sb5tp6xYYRxwfCfGsdjpkOz7bMMAjkmjWBTdP4hs1HQYgANtdEhdnZcar5kjTtnmlq5alOGYI72Qhi26CB24H1OWHZ15HxdO4DsBsJzcPtgSelsDvgsV6RTSo.7XNyEeyZhNAlucARQ2HlVP13yUqmJ_bobJA9XSmDkr0&dib_tag=se&keywords=Personal+Hygiene&qid=1724521970&sr=8-19
Personal Hygiene,https://www.amazon.com/WHISPER-SANITARY-REGULAR-PROTECTION-DISPOSABLE/dp/B074M8JBFT/ref=sr_1_19_f3_0o_na?dib=eyJ2IjoiMSJ9.kX3wtzWUAaSntGNNnfzQIPephKMmOT56bN_PfgSychCAWUi9kTWdxj2B6IhSZSL4e2o45-KIdzB5ccvyiCI95gbev5eFyu_jnhk5V-jSTkBLjoQMlfdZ0V69VlrgegkBdTMX9wAucQ47BrDLQ4N4bATixogJOCPuxQ8XbZ-VqQz_w_7Df2Sb5tp6xYYRxwfCfGsdjpkOz7bMMAjkmjWBTdP4hs1HQYgANtdEhdnZcar5kjTtnmlq5alOGYI72Qhi26CB24H1OWHZ15HxdO4DsBsJzcPtgSelsDvgsV6RTSo.7XNyEeyZhNAlucARQ2HlVP13yUqmJ_bobJA9XSmDkr0&dib_tag=se&keywords=Personal+Hygiene&qid=1724521970&sr=8-19
Personal Hygiene,https://www.amazon.com/WHISPER-SANITARY-REGULAR-PROTECTION-DISPOSABLE/dp/B074M8JBFT/ref=sr_1_19_f3_0o_na?dib=eyJ2IjoiMSJ9.kX3wtzWUAaSntGNNnfzQIPephKMmOT56bN_PfgSychCAWUi9kTWdxj2B6IhSZSL4e2o45-KIdzB5ccvyiCI95gbev5eFyu_jnhk5V-jSTkBLjoQMlfdZ0V69VlrgegkBdTMX9wAucQ47BrDLQ4N4bATixogJOCPuxQ8XbZ-VqQz_w_7Df2Sb5tp6xYYRxwfCfGsdjpkOz7bMMAjkmjWBTdP4hs1HQYgANtdEhdnZcar5kjTtnmlq5alOGYI72Qhi26CB24H1OWHZ15HxdO4DsBsJzcPtgSelsDvgsV6RTSo.7XNyEeyZhNAlucARQ2HlVP13yUqmJ_bobJA9XSmDkr0&dib_tag=se&keywords=Personal+Hygiene&qid=1724521970&sr=8-19#customerReviews
Personal Hygiene,https://www.amazon.com/WHISPER-SANITARY-REGULAR-PROTECTION-DISPOSABLE/dp/B074M8JBFT/ref=sr_1_19_f3_0o_na?dib=eyJ2IjoiMSJ9.kX3wtzWUAaSntGNNnfzQIPephKMmOT56bN_PfgSychCAWUi9kTWdxj2B6IhSZSL4e2o45-KIdzB5ccvyiCI95gbev5eFyu_jnhk5V-jSTkBLjoQMlfdZ0V69VlrgegkBdTMX9wAucQ47BrDLQ4N4bATixogJOCPuxQ8XbZ-VqQz_w_7Df2Sb5tp6xYYRxwfCfGsdjpkOz7bMMAjkmjWBTdP4hs1HQYgANtdEhdnZcar5kjTtnmlq5alOGYI72Qhi26CB24H1OWHZ15HxdO4DsBsJzcPtgSelsDvgsV6RTSo.7XNyEeyZhNAlucARQ2HlVP13yUqmJ_bobJA9XSmDkr0&dib_tag=se&keywords=Personal+Hygiene&qid=1724521970&sr=8-19
Personal Hygiene,https://www.amazon.com/WHISPER-SANITARY-REGULAR-PROTECTION-DISPOSABLE/dp/B074M8JBFT/ref=sr_1_19_f3_0o_na?dib=eyJ2IjoiMSJ9.kX3wtzWUAaSntGNNnfzQIPephKMmOT56bN_PfgSychCAWUi9kTWdxj2B6IhSZSL4e2o45-KIdzB5ccvyiCI95gbev5eFyu_jnhk5V-jSTkBLjoQMlfdZ0V69VlrgegkBdTMX9wAucQ47BrDLQ4N4bATixogJOCPuxQ8XbZ-VqQz_w_7Df2Sb5tp6xYYRxwfCfGsdjpkOz7bMMAjkmjWBTdP4hs1HQYgANtdEhdnZcar5kjTtnmlq5alOGYI72Qhi26CB24H1OWHZ15HxdO4DsBsJzcPtgSelsDvgsV6RTSo.7XNyEeyZhNAlucARQ2HlVP13yUqmJ_bobJA9XSmDkr0&dib_tag=se&keywords=Personal+Hygiene&qid=1724521970&sr=8-19
Personal Hygiene,https://www.amazon.com/WHISPER-SANITARY-REGULAR-PROTECTION-DISPOSABLE/dp/B074M8JBFT/ref=sr_1_19_so_SANITARY_NAPKIN?dib=eyJ2IjoiMSJ9.kX3wtzWUAaSntGNNnfzQIPephKMmOT56bN_PfgSychCAWUi9kTWdxj2B6IhSZSL4e2o45-KIdzB5ccvyiCI95gbev5eFyu_jnhk5V-jSTkBLjoQMlfdZ0V69VlrgegkBdTMX9wAucQ47BrDLQ4N4bATixogJOCPuxQ8XbZ-VqQz_w_7Df2Sb5tp6xYYRxwfCfGsdjpkOz7bMMAjkmjWBTdP4hs1HQYgANtdEhdnZcar5kjTtnmlq5alOGYI72Qhi26CB24H1OWHZ15HxdO4DsBsJzcPtgSelsDvgsV6RTSo.7XNyEeyZhNAlucARQ2HlVP13yUqmJ_bobJA9XSmDkr0&dib_tag=se&keywords=Personal+Hygiene&qid=1724521970&sr=8-19
Personal Hygiene,https://www.amazon.com/SEAHELTON-Portable-Foldable-Handheld-Bidet/dp/B0CJP29N1H/ref=sr_1_20?dib=eyJ2IjoiMSJ9.kX3wtzWUAaSntGNNnfzQIPephKMmOT56bN_PfgSychCAWUi9kTWdxj2B6IhSZSL4e2o45-KIdzB5ccvyiCI95gbev5eFyu_jnhk5V-jSTkBLjoQMlfdZ0V69VlrgegkBdTMX9wAucQ47BrDLQ4N4bATixogJOCPuxQ8XbZ-VqQz_w_7Df2Sb5tp6xYYRxwfCfGsdjpkOz7bMMAjkmjWBTdP4hs1HQYgANtdEhdnZcar5kjTtnmlq5alOGYI72Qhi26CB24H1OWHZ15HxdO4DsBsJzcPtgSelsDvgsV6RTSo.7XNyEeyZhNAlucARQ2HlVP13yUqmJ_bobJA9XSmDkr0&dib_tag=se&keywords=Personal+Hygiene&qid=1724521970&sr=8-20
Personal Hygiene,https://www.amazon.com/SEAHELTON-Portable-Foldable-Handheld-Bidet/dp/B0CJP29N1H/ref=sr_1_20?dib=eyJ2IjoiMSJ9.kX3wtzWUAaSntGNNnfzQIPephKMmOT56bN_PfgSychCAWUi9kTWdxj2B6IhSZSL4e2o45-KIdzB5ccvyiCI95gbev5eFyu_jnhk5V-jSTkBLjoQMlfdZ0V69VlrgegkBdTMX9wAucQ47BrDLQ4N4bATixogJOCPuxQ8XbZ-VqQz_w_7Df2Sb5tp6xYYRxwfCfGsdjpkOz7bMMAjkmjWBTdP4hs1HQYgANtdEhdnZcar5kjTtnmlq5alOGYI72Qhi26CB24H1OWHZ15HxdO4DsBsJzcPtgSelsDvgsV6RTSo.7XNyEeyZhNAlucARQ2HlVP13yUqmJ_bobJA9XSmDkr0&dib_tag=se&keywords=Personal+Hygiene&qid=1724521970&sr=8-20
Personal Hygiene,https://www.amazon.com/SEAHELTON-Portable-Foldable-Handheld-Bidet/dp/B0CJP29N1H/ref=sr_1_20?dib=eyJ2IjoiMSJ9.kX3wtzWUAaSntGNNnfzQIPephKMmOT56bN_PfgSychCAWUi9kTWdxj2B6IhSZSL4e2o45-KIdzB5ccvyiCI95gbev5eFyu_jnhk5V-jSTkBLjoQMlfdZ0V69VlrgegkBdTMX9wAucQ47BrDLQ4N4bATixogJOCPuxQ8XbZ-VqQz_w_7Df2Sb5tp6xYYRxwfCfGsdjpkOz7bMMAjkmjWBTdP4hs1HQYgANtdEhdnZcar5kjTtnmlq5alOGYI72Qhi26CB24H1OWHZ15HxdO4DsBsJzcPtgSelsDvgsV6RTSo.7XNyEeyZhNAlucARQ2HlVP13yUqmJ_bobJA9XSmDkr0&dib_tag=se&keywords=Personal+Hygiene&qid=1724521970&sr=8-20#customerReviews
Personal Hygiene,https://www.amazon.com/SEAHELTON-Portable-Foldable-Handheld-Bidet/dp/B0CJP29N1H/ref=sr_1_20?dib=eyJ2IjoiMSJ9.kX3wtzWUAaSntGNNnfzQIPephKMmOT56bN_PfgSychCAWUi9kTWdxj2B6IhSZSL4e2o45-KIdzB5ccvyiCI95gbev5eFyu_jnhk5V-jSTkBLjoQMlfdZ0V69VlrgegkBdTMX9wAucQ47BrDLQ4N4bATixogJOCPuxQ8XbZ-VqQz_w_7Df2Sb5tp6xYYRxwfCfGsdjpkOz7bMMAjkmjWBTdP4hs1HQYgANtdEhdnZcar5kjTtnmlq5alOGYI72Qhi26CB24H1OWHZ15HxdO4DsBsJzcPtgSelsDvgsV6RTSo.7XNyEeyZhNAlucARQ2HlVP13yUqmJ_bobJA9XSmDkr0&dib_tag=se&keywords=Personal+Hygiene&qid=1724521970&sr=8-20
Personal Hygiene,https://www.amazon.com/Dettol-Disinfectant-Personal-Hygiene-Disinfection/dp/B0C7S8C5CY/ref=sr_1_21?dib=eyJ2IjoiMSJ9.kX3wtzWUAaSntGNNnfzQIPephKMmOT56bN_PfgSychCAWUi9kTWdxj2B6IhSZSL4e2o45-KIdzB5ccvyiCI95gbev5eFyu_jnhk5V-jSTkBLjoQMlfdZ0V69VlrgegkBdTMX9wAucQ47BrDLQ4N4bATixogJOCPuxQ8XbZ-VqQz_w_7Df2Sb5tp6xYYRxwfCfGsdjpkOz7bMMAjkmjWBTdP4hs1HQYgANtdEhdnZcar5kjTtnmlq5alOGYI72Qhi26CB24H1OWHZ15HxdO4DsBsJzcPtgSelsDvgsV6RTSo.7XNyEeyZhNAlucARQ2HlVP13yUqmJ_bobJA9XSmDkr0&dib_tag=se&keywords=Personal+Hygiene&qid=1724521970&sr=8-21
Personal Hygiene,https://www.amazon.com/Dettol-Disinfectant-Personal-Hygiene-Disinfection/dp/B0C7S8C5CY/ref=sr_1_21?dib=eyJ2IjoiMSJ9.kX3wtzWUAaSntGNNnfzQIPephKMmOT56bN_PfgSychCAWUi9kTWdxj2B6IhSZSL4e2o45-KIdzB5ccvyiCI95gbev5eFyu_jnhk5V-jSTkBLjoQMlfdZ0V69VlrgegkBdTMX9wAucQ47BrDLQ4N4bATixogJOCPuxQ8XbZ-VqQz_w_7Df2Sb5tp6xYYRxwfCfGsdjpkOz7bMMAjkmjWBTdP4hs1HQYgANtdEhdnZcar5kjTtnmlq5alOGYI72Qhi26CB24H1OWHZ15HxdO4DsBsJzcPtgSelsDvgsV6RTSo.7XNyEeyZhNAlucARQ2HlVP13yUqmJ_bobJA9XSmDkr0&dib_tag=se&keywords=Personal+Hygiene&qid=1724521970&sr=8-21
Personal Hygiene,https://www.amazon.com/Dettol-Disinfectant-Personal-Hygiene-Disinfection/dp/B0C7S8C5CY/ref=sr_1_21?dib=eyJ2IjoiMSJ9.kX3wtzWUAaSntGNNnfzQIPephKMmOT56bN_PfgSychCAWUi9kTWdxj2B6IhSZSL4e2o45-KIdzB5ccvyiCI95gbev5eFyu_jnhk5V-jSTkBLjoQMlfdZ0V69VlrgegkBdTMX9wAucQ47BrDLQ4N4bATixogJOCPuxQ8XbZ-VqQz_w_7Df2Sb5tp6xYYRxwfCfGsdjpkOz7bMMAjkmjWBTdP4hs1HQYgANtdEhdnZcar5kjTtnmlq5alOGYI72Qhi26CB24H1OWHZ15HxdO4DsBsJzcPtgSelsDvgsV6RTSo.7XNyEeyZhNAlucARQ2HlVP13yUqmJ_bobJA9XSmDkr0&dib_tag=se&keywords=Personal+Hygiene&qid=1724521970&sr=8-21#customerReviews
Personal Hygiene,https://www.amazon.com/Dettol-Disinfectant-Personal-Hygiene-Disinfection/dp/B0C7S8C5CY/ref=sr_1_21?dib=eyJ2IjoiMSJ9.kX3wtzWUAaSntGNNnfzQIPephKMmOT56bN_PfgSychCAWUi9kTWdxj2B6IhSZSL4e2o45-KIdzB5ccvyiCI95gbev5eFyu_jnhk5V-jSTkBLjoQMlfdZ0V69VlrgegkBdTMX9wAucQ47BrDLQ4N4bATixogJOCPuxQ8XbZ-VqQz_w_7Df2Sb5tp6xYYRxwfCfGsdjpkOz7bMMAjkmjWBTdP4hs1HQYgANtdEhdnZcar5kjTtnmlq5alOGYI72Qhi26CB24H1OWHZ15HxdO4DsBsJzcPtgSelsDvgsV6RTSo.7XNyEeyZhNAlucARQ2HlVP13yUqmJ_bobJA9XSmDkr0&dib_tag=se&keywords=Personal+Hygiene&qid=1724521970&sr=8-21
Personal Hygiene,https://www.amazon.com/Dettol-Antiseptic-Liquid-550-Pack/dp/B07JHWFKFC/ref=sr_1_22?dib=eyJ2IjoiMSJ9.kX3wtzWUAaSntGNNnfzQIPephKMmOT56bN_PfgSychCAWUi9kTWdxj2B6IhSZSL4e2o45-KIdzB5ccvyiCI95gbev5eFyu_jnhk5V-jSTkBLjoQMlfdZ0V69VlrgegkBdTMX9wAucQ47BrDLQ4N4bATixogJOCPuxQ8XbZ-VqQz_w_7Df2Sb5tp6xYYRxwfCfGsdjpkOz7bMMAjkmjWBTdP4hs1HQYgANtdEhdnZcar5kjTtnmlq5alOGYI72Qhi26CB24H1OWHZ15HxdO4DsBsJzcPtgSelsDvgsV6RTSo.7XNyEeyZhNAlucARQ2HlVP13yUqmJ_bobJA9XSmDkr0&dib_tag=se&keywords=Personal+Hygiene&qid=1724521970&sr=8-22
Personal Hygiene,https://www.amazon.com/Dettol-Antiseptic-Liquid-550-Pack/dp/B07JHWFKFC/ref=sr_1_22?dib=eyJ2IjoiMSJ9.kX3wtzWUAaSntGNNnfzQIPephKMmOT56bN_PfgSychCAWUi9kTWdxj2B6IhSZSL4e2o45-KIdzB5ccvyiCI95gbev5eFyu_jnhk5V-jSTkBLjoQMlfdZ0V69VlrgegkBdTMX9wAucQ47BrDLQ4N4bATixogJOCPuxQ8XbZ-VqQz_w_7Df2Sb5tp6xYYRxwfCfGsdjpkOz7bMMAjkmjWBTdP4hs1HQYgANtdEhdnZcar5kjTtnmlq5alOGYI72Qhi26CB24H1OWHZ15HxdO4DsBsJzcPtgSelsDvgsV6RTSo.7XNyEeyZhNAlucARQ2HlVP13yUqmJ_bobJA9XSmDkr0&dib_tag=se&keywords=Personal+Hygiene&qid=1724521970&sr=8-22
Personal Hygiene,https://www.amazon.com/Dettol-Antiseptic-Liquid-550-Pack/dp/B07JHWFKFC/ref=sr_1_22?dib=eyJ2IjoiMSJ9.kX3wtzWUAaSntGNNnfzQIPephKMmOT56bN_PfgSychCAWUi9kTWdxj2B6IhSZSL4e2o45-KIdzB5ccvyiCI95gbev5eFyu_jnhk5V-jSTkBLjoQMlfdZ0V69VlrgegkBdTMX9wAucQ47BrDLQ4N4bATixogJOCPuxQ8XbZ-VqQz_w_7Df2Sb5tp6xYYRxwfCfGsdjpkOz7bMMAjkmjWBTdP4hs1HQYgANtdEhdnZcar5kjTtnmlq5alOGYI72Qhi26CB24H1OWHZ15HxdO4DsBsJzcPtgSelsDvgsV6RTSo.7XNyEeyZhNAlucARQ2HlVP13yUqmJ_bobJA9XSmDkr0&dib_tag=se&keywords=Personal+Hygiene&qid=1724521970&sr=8-22#customerReviews
Personal Hygiene,https://www.amazon.com/Dettol-Antiseptic-Liquid-550-Pack/dp/B07JHWFKFC/ref=sr_1_22?dib=eyJ2IjoiMSJ9.kX3wtzWUAaSntGNNnfzQIPephKMmOT56bN_PfgSychCAWUi9kTWdxj2B6IhSZSL4e2o45-KIdzB5ccvyiCI95gbev5eFyu_jnhk5V-jSTkBLjoQMlfdZ0V69VlrgegkBdTMX9wAucQ47BrDLQ4N4bATixogJOCPuxQ8XbZ-VqQz_w_7Df2Sb5tp6xYYRxwfCfGsdjpkOz7bMMAjkmjWBTdP4hs1HQYgANtdEhdnZcar5kjTtnmlq5alOGYI72Qhi26CB24H1OWHZ15HxdO4DsBsJzcPtgSelsDvgsV6RTSo.7XNyEeyZhNAlucARQ2HlVP13yUqmJ_bobJA9XSmDkr0&dib_tag=se&keywords=Personal+Hygiene&qid=1724521970&sr=8-22
Personal Hygiene,https://www.amazon.com/Dettol-Disinfectant-Disinfection-Personal-Lavender/dp/B0C7SDN8RC/ref=sr_1_23?dib=eyJ2IjoiMSJ9.kX3wtzWUAaSntGNNnfzQIPephKMmOT56bN_PfgSychCAWUi9kTWdxj2B6IhSZSL4e2o45-KIdzB5ccvyiCI95gbev5eFyu_jnhk5V-jSTkBLjoQMlfdZ0V69VlrgegkBdTMX9wAucQ47BrDLQ4N4bATixogJOCPuxQ8XbZ-VqQz_w_7Df2Sb5tp6xYYRxwfCfGsdjpkOz7bMMAjkmjWBTdP4hs1HQYgANtdEhdnZcar5kjTtnmlq5alOGYI72Qhi26CB24H1OWHZ15HxdO4DsBsJzcPtgSelsDvgsV6RTSo.7XNyEeyZhNAlucARQ2HlVP13yUqmJ_bobJA9XSmDkr0&dib_tag=se&keywords=Personal+Hygiene&qid=1724521970&sr=8-23
Personal Hygiene,https://www.amazon.com/Dettol-Disinfectant-Disinfection-Personal-Lavender/dp/B0C7SDN8RC/ref=sr_1_23?dib=eyJ2IjoiMSJ9.kX3wtzWUAaSntGNNnfzQIPephKMmOT56bN_PfgSychCAWUi9kTWdxj2B6IhSZSL4e2o45-KIdzB5ccvyiCI95gbev5eFyu_jnhk5V-jSTkBLjoQMlfdZ0V69VlrgegkBdTMX9wAucQ47BrDLQ4N4bATixogJOCPuxQ8XbZ-VqQz_w_7Df2Sb5tp6xYYRxwfCfGsdjpkOz7bMMAjkmjWBTdP4hs1HQYgANtdEhdnZcar5kjTtnmlq5alOGYI72Qhi26CB24H1OWHZ15HxdO4DsBsJzcPtgSelsDvgsV6RTSo.7XNyEeyZhNAlucARQ2HlVP13yUqmJ_bobJA9XSmDkr0&dib_tag=se&keywords=Personal+Hygiene&qid=1724521970&sr=8-23
Personal Hygiene,https://www.amazon.com/Dettol-Disinfectant-Disinfection-Personal-Lavender/dp/B0C7SDN8RC/ref=sr_1_23?dib=eyJ2IjoiMSJ9.kX3wtzWUAaSntGNNnfzQIPephKMmOT56bN_PfgSychCAWUi9kTWdxj2B6IhSZSL4e2o45-KIdzB5ccvyiCI95gbev5eFyu_jnhk5V-jSTkBLjoQMlfdZ0V69VlrgegkBdTMX9wAucQ47BrDLQ4N4bATixogJOCPuxQ8XbZ-VqQz_w_7Df2Sb5tp6xYYRxwfCfGsdjpkOz7bMMAjkmjWBTdP4hs1HQYgANtdEhdnZcar5kjTtnmlq5alOGYI72Qhi26CB24H1OWHZ15HxdO4DsBsJzcPtgSelsDvgsV6RTSo.7XNyEeyZhNAlucARQ2HlVP13yUqmJ_bobJA9XSmDkr0&dib_tag=se&keywords=Personal+Hygiene&qid=1724521970&sr=8-23#customerReviews
Personal Hygiene,https://www.amazon.com/Dettol-Disinfectant-Disinfection-Personal-Lavender/dp/B0C7SDN8RC/ref=sr_1_23?dib=eyJ2IjoiMSJ9.kX3wtzWUAaSntGNNnfzQIPephKMmOT56bN_PfgSychCAWUi9kTWdxj2B6IhSZSL4e2o45-KIdzB5ccvyiCI95gbev5eFyu_jnhk5V-jSTkBLjoQMlfdZ0V69VlrgegkBdTMX9wAucQ47BrDLQ4N4bATixogJOCPuxQ8XbZ-VqQz_w_7Df2Sb5tp6xYYRxwfCfGsdjpkOz7bMMAjkmjWBTdP4hs1HQYgANtdEhdnZcar5kjTtnmlq5alOGYI72Qhi26CB24H1OWHZ15HxdO4DsBsJzcPtgSelsDvgsV6RTSo.7XNyEeyZhNAlucARQ2HlVP13yUqmJ_bobJA9XSmDkr0&dib_tag=se&keywords=Personal+Hygiene&qid=1724521970&sr=8-23
Personal Hygiene,https://www.amazon.com/Dettol-Disinfectant-Personal-Hygiene-Disinfection/dp/B0CNT3ZMDZ/ref=sr_1_24?dib=eyJ2IjoiMSJ9.kX3wtzWUAaSntGNNnfzQIPephKMmOT56bN_PfgSychCAWUi9kTWdxj2B6IhSZSL4e2o45-KIdzB5ccvyiCI95gbev5eFyu_jnhk5V-jSTkBLjoQMlfdZ0V69VlrgegkBdTMX9wAucQ47BrDLQ4N4bATixogJOCPuxQ8XbZ-VqQz_w_7Df2Sb5tp6xYYRxwfCfGsdjpkOz7bMMAjkmjWBTdP4hs1HQYgANtdEhdnZcar5kjTtnmlq5alOGYI72Qhi26CB24H1OWHZ15HxdO4DsBsJzcPtgSelsDvgsV6RTSo.7XNyEeyZhNAlucARQ2HlVP13yUqmJ_bobJA9XSmDkr0&dib_tag=se&keywords=Personal+Hygiene&qid=1724521970&sr=8-24
Personal Hygiene,https://www.amazon.com/Dettol-Disinfectant-Personal-Hygiene-Disinfection/dp/B0CNT3ZMDZ/ref=sr_1_24?dib=eyJ2IjoiMSJ9.kX3wtzWUAaSntGNNnfzQIPephKMmOT56bN_PfgSychCAWUi9kTWdxj2B6IhSZSL4e2o45-KIdzB5ccvyiCI95gbev5eFyu_jnhk5V-jSTkBLjoQMlfdZ0V69VlrgegkBdTMX9wAucQ47BrDLQ4N4bATixogJOCPuxQ8XbZ-VqQz_w_7Df2Sb5tp6xYYRxwfCfGsdjpkOz7bMMAjkmjWBTdP4hs1HQYgANtdEhdnZcar5kjTtnmlq5alOGYI72Qhi26CB24H1OWHZ15HxdO4DsBsJzcPtgSelsDvgsV6RTSo.7XNyEeyZhNAlucARQ2HlVP13yUqmJ_bobJA9XSmDkr0&dib_tag=se&keywords=Personal+Hygiene&qid=1724521970&sr=8-24
Personal Hygiene,https://www.amazon.com/Dettol-Disinfectant-Personal-Hygiene-Disinfection/dp/B0CNT3ZMDZ/ref=sr_1_24?dib=eyJ2IjoiMSJ9.kX3wtzWUAaSntGNNnfzQIPephKMmOT56bN_PfgSychCAWUi9kTWdxj2B6IhSZSL4e2o45-KIdzB5ccvyiCI95gbev5eFyu_jnhk5V-jSTkBLjoQMlfdZ0V69VlrgegkBdTMX9wAucQ47BrDLQ4N4bATixogJOCPuxQ8XbZ-VqQz_w_7Df2Sb5tp6xYYRxwfCfGsdjpkOz7bMMAjkmjWBTdP4hs1HQYgANtdEhdnZcar5kjTtnmlq5alOGYI72Qhi26CB24H1OWHZ15HxdO4DsBsJzcPtgSelsDvgsV6RTSo.7XNyEeyZhNAlucARQ2HlVP13yUqmJ_bobJA9XSmDkr0&dib_tag=se&keywords=Personal+Hygiene&qid=1724521970&sr=8-24#customerReviews
Personal Hygiene,https://www.amazon.com/Dettol-Disinfectant-Personal-Hygiene-Disinfection/dp/B0CNT3ZMDZ/ref=sr_1_24?dib=eyJ2IjoiMSJ9.kX3wtzWUAaSntGNNnfzQIPephKMmOT56bN_PfgSychCAWUi9kTWdxj2B6IhSZSL4e2o45-KIdzB5ccvyiCI95gbev5eFyu_jnhk5V-jSTkBLjoQMlfdZ0V69VlrgegkBdTMX9wAucQ47BrDLQ4N4bATixogJOCPuxQ8XbZ-VqQz_w_7Df2Sb5tp6xYYRxwfCfGsdjpkOz7bMMAjkmjWBTdP4hs1HQYgANtdEhdnZcar5kjTtnmlq5alOGYI72Qhi26CB24H1OWHZ15HxdO4DsBsJzcPtgSelsDvgsV6RTSo.7XNyEeyZhNAlucARQ2HlVP13yUqmJ_bobJA9XSmDkr0&dib_tag=se&keywords=Personal+Hygiene&qid=1724521970&sr=8-24
Personal Hygiene,https://www.amazon.com/WHISPER-HYGIENE-SANITARY-PROTECTION-DISPOSABLE/dp/B087QK1P79/ref=sr_1_25?dib=eyJ2IjoiMSJ9.kX3wtzWUAaSntGNNnfzQIPephKMmOT56bN_PfgSychCAWUi9kTWdxj2B6IhSZSL4e2o45-KIdzB5ccvyiCI95gbev5eFyu_jnhk5V-jSTkBLjoQMlfdZ0V69VlrgegkBdTMX9wAucQ47BrDLQ4N4bATixogJOCPuxQ8XbZ-VqQz_w_7Df2Sb5tp6xYYRxwfCfGsdjpkOz7bMMAjkmjWBTdP4hs1HQYgANtdEhdnZcar5kjTtnmlq5alOGYI72Qhi26CB24H1OWHZ15HxdO4DsBsJzcPtgSelsDvgsV6RTSo.7XNyEeyZhNAlucARQ2HlVP13yUqmJ_bobJA9XSmDkr0&dib_tag=se&keywords=Personal+Hygiene&qid=1724521970&sr=8-25
Personal Hygiene,https://www.amazon.com/WHISPER-HYGIENE-SANITARY-PROTECTION-DISPOSABLE/dp/B087QK1P79/ref=sr_1_25?dib=eyJ2IjoiMSJ9.kX3wtzWUAaSntGNNnfzQIPephKMmOT56bN_PfgSychCAWUi9kTWdxj2B6IhSZSL4e2o45-KIdzB5ccvyiCI95gbev5eFyu_jnhk5V-jSTkBLjoQMlfdZ0V69VlrgegkBdTMX9wAucQ47BrDLQ4N4bATixogJOCPuxQ8XbZ-VqQz_w_7Df2Sb5tp6xYYRxwfCfGsdjpkOz7bMMAjkmjWBTdP4hs1HQYgANtdEhdnZcar5kjTtnmlq5alOGYI72Qhi26CB24H1OWHZ15HxdO4DsBsJzcPtgSelsDvgsV6RTSo.7XNyEeyZhNAlucARQ2HlVP13yUqmJ_bobJA9XSmDkr0&dib_tag=se&keywords=Personal+Hygiene&qid=1724521970&sr=8-25
